address,identity,confidence,entity_type,contract_type,ens_name,cluster_id,evidence_count
0x1f244e040713b4139b4d98890db0d2d7d6468de4,Institutional Fund (Gemini/Binance),0.92,fund,,,,23
0xb745b681db7b2d254e8c98624bef13681305cad9,Junyi Zheng (Safe),0.92,fund,,,,2
0xee2826453a4fd5afeb7ceffeef3ffa2320081268,Junyi Zheng,0.92,fund,,,,7
0xee55328d240d10b09f549dc3b2a6653c13f10bfc,Flash Loan/MEV Bot,0.9,bot,,,,12
0xf72d6a06ea0066dc9694156ca544f5d463a26bf4,MEV Bot (Titan/MEV Builder),0.85,bot,,,34,5
0xd007058e9b58e74c33c6bf6fbcd38baab813cbb6,few.com,0.85,individual,,few.com,,9
0xcdc8bbc2c740e44e9231dc3a8842800aa2433d18,kinmen.eth,0.84375,individual,,‚ù§üíÄü§ñ.eth,,5
0x1c79cb8ce8c3695ed871e4d4e4519d937630832d,ivo2pac.eth,0.84375,individual,,ivo2pac.eth,,5
0x777999be819ffecee44a995560a9d0e97780a30c,top-j.eth,0.84375,individual,,top-j.eth,,5
0xb1e9d641249a2033c37cf1c241a01e717c2f6c76,Staking: thomasg.eth,0.811290322580645,individual,,waitwaitwaitwaitwait.eth,,5
0x99b95c60b2d68db15dffb11a71076a31ccaf1487,dimensionalstrike.eth,0.8099999999999999,fund,,dimensionalstrike.eth,,4
0xf24a872344d7e78e6f9895a57b672d93f29d3100,kisama.eth,0.8099999999999999,individual,,kisama.eth,,4
0x3ee6763f0e75247128a1b3f9c417354b577902b2,sunyt.eth,0.8099999999999999,fund,,sunyt.eth,,4
0xdaef20ea4708fcff06204a4fe9ddf41db056ba18,pinosaur.eth,0.8099999999999999,individual,,pinosaur.eth,,3
0x70d70b5b746493e4c247da944032ad6af77e0d97,jaiyce.eth,0.8099999999999999,individual,,jaiyce.eth,,3
0x55ea3e38fa0aa495b205fe45641a44ccc1c3df26,Trend Research (Jack Yi / LD Capital),0.8099999999999999,fund,,,,3
0x564b1a055d9caaaff7435dce6b5f6e522b27de7d,Trend Research (Jack Yi / LD Capital),0.8099999999999999,individual,,,,3
0xd8495b95a3a6a85f4e3baa003e8b7ed1ed85562d,Trend Research (Jack Yi / LD Capital),0.8099999999999999,individual,,,,3
0x1778767436111ec0adb10f9ba4f51a329d0e7770,Trend Research (Jack Yi / LD Capital),0.8099999999999999,individual,,,,3
0x4196c40de33062ce03070f058922baa99b28157b,Trend Research (Jack Yi / LD Capital),0.8099999999999999,fund,,,,3
0xc2c5ad1a018ffd61fdcf94e5bfc6af863ae5873e,sushiswap,0.8099999999999999,individual,,,,4
0x85e05c10db73499fbdecab0dfbb794a446feeec8,Trend Research (Jack Yi / LD Capital),0.8099999999999999,individual,,,,4
0x8889ff5b6323e71c28c26d2c34b8bb52654f00a6,Trend Research (Jack Yi / LD Capital),0.8099999999999999,individual,,,,4
0x06185ca50a8ab43726b08d8e65c6f2173fb2b236,Trend Research (Jack Yi / LD Capital),0.8099999999999999,individual,,,,5
0x97137466bc8018531795217f0ecc4ba24dcba5c1,Trend Research (Jack Yi / LD Capital),0.8099999999999999,individual,,,,3
0x66b870ddf78c975af5cd8edc6de25eca81791de1,defunddao.eth,0.808974358974359,individual,,banana-killer.eth,,6
0x73a9ee34eaa91046b12e7598a540f28fa1b590a6,Trend Research (Jack Yi / LD Capital),0.8065217391304347,individual,,,,5
0x4352cc849b33a936ad93bb109afdec1c89653b4f,Trend Research (Jack Yi / LD Capital),0.8065217391304347,individual,,,,5
0x0f1dfef1a40557d279d0de6e49ab306891a638b8,Trend Research (Jack Yi / LD Capital),0.8065217391304347,individual,,,,5
0xfaf1358fe6a9fa29a169dfc272b14e709f54840f,Trend Research (Jack Yi / LD Capital),0.8065217391304347,individual,,,4,5
0x8879ae6c281495a5d40dce8015bc3bbf7b109233,Trend Research (Jack Yi / LD Capital),0.8065217391304347,fund,,,3,5
0x71a91c9202c8091c62c630ca2de44b333ddcd0d7,Trend Research (Jack Yi / LD Capital),0.8065217391304347,fund,,,,6
0xe5c248d8d3f3871bd0f68e9c4743459c43bb4e4c,Trend Research (Jack Yi / LD Capital),0.8065217391304347,individual,,,4,5
0xf368d43f148e1803ec793670183b0ca6a07d3898,Trend Research (Jack Yi / LD Capital),0.8065217391304347,fund,,,3,5
0x741aa7cfb2c7bf2a1e7d4da2e3df6a56ca4131f3,7 Siblings,0.8065217391304347,individual,,,,6
0xddf725d2ebd795748dd8c6b700b7c98d1dfb8ce5,Trend Research (Jack Yi / LD Capital),0.8065217391304347,fund,,,,6
0xa76b6a7aa1b4501e6edcb29898e1ce4b9784e81c,Trend Research (Jack Yi / LD Capital),0.8065217391304347,fund,,,,6
0x0ad500d23a43ae9b26a570cfb02b68c48a866565,Trend Research (Jack Yi / LD Capital),0.8065217391304347,fund,,,3,5
0xc803698a4be31f0b9035b6eba17623698f3e2f82,Trend Research (Jack Yi / LD Capital),0.8065217391304347,individual,,,,4
0x4093fbe60ab50ab79a5bd32fa2adec255372f80e,Trend Research (Jack Yi / LD Capital),0.8065217391304347,individual,,,,4
0x1e2ac461edc05bdc7b471cf93aeceec91f32ed29,Trend Research (Jack Yi / LD Capital),0.8065217391304347,fund,,,,4
0xcd40532686b94abc88b06b9705aacbc14c8364d6,Trend Research (Jack Yi / LD Capital),0.8065217391304347,individual,,,,4
0x4deb3edd991cfd2fcdaa6dcfe5f1743f6e7d16a6,Trend Research (Jack Yi / LD Capital),0.8065217391304347,individual,,,,4
0xc37704a457b1ee87eb657cae584a34961e86acac,Trend Research (Jack Yi / LD Capital),0.8065217391304347,individual,,,,4
0x3c9ea5c4fec2a77e23dd82539f4414266fe8f757,Trend Research (Jack Yi / LD Capital),0.8065217391304347,fund,,,,4
0x8aceab8167c80cb8b3de7fa6228b889bb1130ee8,Celsius Network,0.8065217391304347,individual,,,,4
0xb99a2c4c1c4f1fc27150681b740396f6ce1cbcf5,Abraxas Capital,0.8065217391304347,fund,,,,4
0xed0c6079229e2d407672a117c22b62064f4a4312,Abraxas Capital,0.8065217391304347,fund,,,,4
0x3ddfa8ec3052539b6c9549f12cea2c295cff5296,Justin Sun,0.7899999999999999,individual,,lazarus.tornado-cash-router.eth,,6
0x99c84a29040146f13a0f061d7a98c3122da3e29e,È°∂Á∫ß‰∫§ÊòìÂëò.eth,0.7875000000000001,individual,,È°∂Á∫ß‰∫§ÊòìÂëò.eth,,5
0x7974b46e7940de2c4d6458c053bdbac0bf111683,myr.eth,0.7844827586206896,individual,,myr.eth,,6
0xef1ec136931ab5728b0783fd87d109c9d15d31f1,ultrahd.eth,0.7844827586206896,individual,,ultrahd.eth,,6
0xac4eba4667eeddb8ec0cf2db062168c4cc07597f,ethrake.eth,0.7844827586206896,individual,,ethrake.eth,,6
0x6e96a8f5493d55c3a5cdbf2b2d8e049f812a929a,etherealcapital.eth,0.7844827586206896,fund,,etherealcapital.eth,,7
0x04caf56067fed0cb0959428fa641edb681fcdf43,flowcapital.eth,0.7844827586206896,individual,,flowcapital.eth,,8
0x989536719a72cfd50348ccd5521256c7eb41a999,0xa999.eth,0.7844827586206896,individual,,0xa999.eth,,7
0xb6875ec94be06d159a28d627422b7c9388cc8861,abaoyan.eth,0.7844827586206896,individual,,abaoyan.eth,,7
0x388b93c535b5c3ccdb14770516d7caf5590ed009,123456789.eth,0.7844827586206896,individual,,sparkpool.eth,,5
0x63950cfd75e2290a3581b6b0e39c86bc11697d5b,betamargin.eth,0.7844827586206896,fund,,betamargin.eth,,5
0xd730cd62cda9cfdc109be2d819b0337fafdca959,aavebank.eth,0.7844827586206896,individual,,usdawallet.eth,,5
0xd85351181b3f264ee0fdfa94518464d7c3defada,uwu.eth,0.7844827586206896,individual,,norn.eth,,5
0xab7972ef0628d98400acf83e8b54c2695099d3b2,highcliff.eth,0.7844827586206896,individual,,juyondai.eth,,7
0x1eab3b222a5b57474e0c237e7e1c4312c1066855,mcpro.eth,0.7844827586206896,individual,,mcpro.eth,,6
0x767ecb395def19ab8d1b2fcc89b3ddfbed28fd6b,Celsius Network,0.7816666666666666,individual,,,,7
0xd275e5cb559d6dc236a5f8002a5f0b4c8e610701,Trend Research (Jack Yi / LD Capital),0.7816666666666666,individual,,,,5
0xdb7030beafa0a7fb8d0ccb59f02dc7a15f2072f8,MEV/Flash Loan Operator,0.78,individual,,,,2
0xfacc714a5c5c962834bbb7fde948b7262277e007,hiv3.eth,0.7799999999999999,individual,,hiv3.eth,,3
0xa3bcf996fd1cdd1f357b5a1eed0a39ceaaebd422,,0.7799999999999999,individual,,stable.blockvalue.eth,,3
0xe7eb077d77f09b469b2ea8548aa860b137039977,910823.eth,0.775,individual,,910823.eth,,5
0x768f2a7ccdfde9ebdfd5cea8b635dd590cb3a3f1,Hotbit,0.775,individual,,,,5
0x7a16ff8270133f063aab6c9977183d9e72835428,llamalend.eth,0.7738636363636363,individual,,curvelend.eth,,10
0xa0f75491720835b36edc92d06ddc468d201e9b73,analytico.eth,0.7738636363636363,fund,,analytico.eth,,10
0xee8e0fcc8bff03ec5f100d02cb7b3196d78863a7,5ucms.eth,0.7738636363636363,individual,,5ucms.eth,,8
0xcfc50541c3deaf725ce738ef87ace2ad778ba0c5,drdumplingsats.eth,0.7738636363636363,individual,,drdumplingsats.eth,,10
0x9026a229b535ecf0162dfe48fdeb3c75f7b2a7ae,czsamsunsb.eth,0.7738636363636363,individual,,czsamsun.eth,,8
0x9c5083dd4838e120dbeac44c052179692aa5dac5,pennilesswassie.sismo.eth,0.7738636363636363,individual,,[82424706fdd9417ef5be1e93b43534bc707d563f272783125d9e8cfa0bd7a40b].sismo.eth,,8
0xb1adceddb2941033a090dd166a462fe1c2029484,notpunks.eth,0.7738636363636363,individual,,yieldslut.eth,,8
0x2079c29be9c8095042edb95f293b5b510203d6ce,luggis.eth,0.7680555555555555,individual,,luggis.eth,,9
0x455d7eb74860d0937423b9184f9e8461aa354ebb,squid42.eth,0.7680555555555555,individual,,squid42.eth,,8
0x57ef012861c4937a76b5d6061be800199a2b9100,lambo.eth,0.7680555555555555,individual,,lambo.eth,,9
0x6aeda057364cc4aad943cac04a1c149d90e10a3b,alexonemoretime.eth,0.7680555555555555,individual,,alexonemoretime.eth,,7
0x7bc0146115c29168c9ca25086e42c2b50c3c8768,jitrust.eth,0.7680555555555555,individual,,jitrust.eth,,7
0x33eecc48943aaeabb5328a25ff28eb85f67945c2,salve.eth,0.7680555555555555,individual,,salve.eth,,9
0x4544e2fae244ea4ca20d075bb760561ce5990dc3,chee.eth,0.7680555555555555,fund,,chee.eth,,10
0x42d0ed91b55065fabcfb9ab3516437d01430c0e6,liberta.eth,0.7680555555555555,individual,,sab.eth,,8
0xdd709cae362972cb3b92dcead77127f7b8d58202,defimaximalist.eth,0.7680555555555555,individual,,defimaximalist.eth,,8
0x2fe09e93acbb8b0da86c394335b8a92d3f5e273e,russellklein.eth,0.7680555555555555,individual,,russellklein.eth,,9
0x69c488bcda156379b6661f08a35db627e5d467dd,deepak.eth,0.7680555555555555,individual,,0xdeepak.eth,,10
0x53311150764f7eb2999022ed1aa5a8c17bb5fc57,ohana.eth,0.7680555555555555,individual,,ohana.eth,,14
0xc77fa6c05b4e472feee7c0f9b20e70c5bf33a99b,sisyphus.eth,0.7680555555555555,individual,,lilmoonhonda.eth,,14
0x5fc9f68333645f713a13f3b3fb9a0f3dedf0f8a7,jizhu.eth,0.7680555555555555,individual,,hotcan.eth,,10
0xcefcca169357a18eb8c3f230f92b58562e48cae5,üîûüîûüîûüîûüîû.eth,0.7680555555555555,individual,,[e525294fe477f4ed985d207169c65a48594fd955bce90ef75b8ce2e43e81f1e8].cvufo.eth,,20
0xedc66382f1e7fe11c259761cbddbdcb995bf472e,iq-zero.eth,0.7680555555555555,individual,,iq-zero.eth,,8
0x12696ad7ea03474ed5d2d2909c52f3d1d997c81e,hivaids.eth,0.7680555555555555,individual,,hivaids.eth,,9
0x0f0eae91990140c560d4156db4f00c854dc8f09e,vvd.eth,0.7680555555555555,individual,,vvd.eth,,10
0xde6b2a06407575b98724818445178c1f5fd53361,sushiswap,0.7680555555555555,individual,,samurai.eth,,10
0x80e6c4918ce508c08f7e4298f64464044cf79db7,holdoor.eth,0.7680555555555555,individual,,holdoor.eth,,9
0x6a815735471dbd0f85c51b115b728a247abe0cf4,gizbar.eth,0.7680555555555555,individual,,gizbarcap.eth,,10
0x7546966122e636a601a3ea4497d3509f160771d8,prestigous.eth,0.7680555555555555,individual,,prestigous.eth,,9
0x50664ede715e131f584d3e7eaabd7818bb20a068,yfimaxi.eth,0.7680555555555555,individual,,makeitbackinonetrade.eth,,9
0x35e3564c86bc0b5548a3be3a9a1e71eb1455fad2,boby1337.eth,0.7680555555555555,individual,,boby1337.eth,,9
0x6e3aa85db95bba36276a37ed93b12b7ab0782afb,weed.eth,0.7680555555555555,individual,,semey.eth,,9
0xbec69dfce4c1fa8b7843fee1ca85788d84a86b06,anonymoux.eth,0.7680555555555555,fund,,gringottswizardingbank.eth,,8
0x1f2091d9d5d79d0b0d4752cd458c08920e80e814,jetman.eth,0.7680555555555555,individual,,jetman.eth,,7
0x16f037a3ddf53da1b047a926e1833219f0a8e1fc,tybg.eth,0.7680555555555555,individual,,tybg.eth,,6
0xdceed643320622cad92b7a90465e24d7df0a9519,vladilena2.eth,0.7680555555555555,individual,,vladilena2.eth,,6
0x537bf75de19f3d229e3a9018ee1a23c0c9c7d39c,limzero.eth,0.7680555555555555,individual,,limzero.eth,,9
0xeb43b5597e3bde0b0c03ee6731ba7c0247e1581e,gigachadpepe.eth,0.7680555555555555,individual,,thehamily.eth,,9
0x1d3db45f912c74de554409c1ad0d27dbcb26b726,awanish.eth,0.7680555555555555,individual,,awanish.eth,,7
0xd553294b42bdfeb49d8f5a64e8b2d3a65fc673a9,jokerbra.eth,0.7680555555555555,individual,,jokerbra.eth,,8
0xeb2993a4e44291da4020102f6d2ed8d14b1cca4c,smartestmoney.eth,0.7680555555555555,individual,,smartestmoney.eth,,6
0x8607a7d180de23645db594d90621d837749408d5,buying-on-frontrun-dot-market.eth,0.7680555555555555,individual,,buying-on-frontrun-dot-market.eth,,6
0xa53a13a80d72a855481de5211e7654fabdfe3526,greenfund.eth,0.7680555555555555,individual,,himejijo.eth,,9
0xec46dd165ee2d4af460a9c3d01b5a4c9516c9c3f,lxuan.eth,0.7680555555555555,fund,,lxuan.eth,,8
0xe3786bf25e15013fdda09dbe881529d44b9ca239,drprofitt4.eth,0.7680555555555555,individual,,drprofitt4.eth,,8
0x4ee79e19c9c398e364d135f01b25dccc0473047c,vladilena.eth,0.7677419354838709,individual,,vladilenamiliz√©.eth,,5
0xf14e82321d951ae633c2f3d9bec5e3253e835b1d,mcaavebank.eth,0.7513513513513513,individual,,mcaavebank.eth,,6
0x540f45337b548824438a25734f429e4b4095476a,ybykhwdd.eth,0.7513513513513513,individual,,ybykhwdd.eth,,6
0x823034a8e2cfd842c914d9456250959c760f45ea,linkdegen.eth,0.7513513513513513,individual,,linkdegen.eth,,6
0x40d8c2d3ee67de3f7a0300c5f1f49b9cf2d58350,European Protocol Team,0.75,fund,,,,13
0xc156d3038dab47476caa8a9b662015d3aa91f581,Tornado-funded Entity (Cluster A),0.75,fund,,,,2
0x324c0cbdeb97d58096d630176b1b247684d534cb,Coinbase Prime Custody Client (Cluster B),0.75,fund,,,,3
0xacce2d0b77bcb844a1b95c64696b071ab8c7ada3,Tornado-funded Entity (Cluster A),0.75,fund,,,,2
0x4125caf9dd93ec6ad7a4c668ec55102f8f18203a,Multi-Regional DeFi Fund (S.America + Europe),0.75,fund,,,,19
0x96f49d0e9724dfd8780fa667ac37a993f005cb94,Coinbase Prime Custody Client (Cluster B),0.75,fund,,,,3
0xf078969e55cabf9ae3f26afeb5ec627b4430f19e,European Institutional Fund (UTC+1),0.75,unknown,,,,62
0x23a5e45f9556dc7ffb507db8a3cfb2589bc8adad,Tornado-funded Entity (Cluster A),0.75,fund,,,,2
0x2bdded18e2ca464355091266b7616956944ee7ee,Multi-Regional DeFi Fund (S.America + Europe),0.75,fund,,,,12
0x1111567e0954e74f6ba7c4732d534e75b81dc42e,Trend Research (Jack Yi / LD Capital),0.7478260869565218,individual,,,,4
0x00a2913501c4b09b92b825dc8a2937efdad9953b,Trend Research (Jack Yi / LD Capital),0.7478260869565218,fund,,,,4
0xc1914872a1dd8e7a39ac6d5ee0d6fa9fcecf001e,Trend Research (Jack Yi / LD Capital),0.7478260869565218,individual,,,,4
0x6914fc70fac4cab20a8922e900c4ba57feecf8e1,Nexo,0.7478260869565218,individual,,,,4
0xa312114b5795dff9b8db50474dd57701aa78ad1e,Trend Research (Jack Yi / LD Capital),0.7478260869565218,fund,,,,4
0x6e9e81efcc4cbff68ed04c4a90aea33cb22c8c89,Trend Research (Jack Yi / LD Capital),0.7478260869565218,individual,,,,4
0x108a8b7200d044bbbe95bef6f671baec5473e05f,yenyenyen.eth,0.7431818181818182,individual,,yenyenyen.eth,,9
0x61c808d82a3ac53231750dadc13c777b59310bd9,satofishi.eth,0.7431818181818182,individual,,gruveb.eth,,9
0x1fc75ad0511ddc3a23b9583ba1c285b8292faed5,few.com (change_address linked) (propagated),0.7420500000000001,unknown,,,,299
0xcd0673721a489b1cea0e2580fa304bcb6cca3186,few.com (change_address linked) (propagated),0.7420500000000001,unknown,,,,416
0x4740fa6b32c5b41ebbf631fe1af41e6fff6e2388,Trend Research (Jack Yi / LD Capital),0.7414285714285714,individual,,,,7
0x28a55c4b4f9615fde3cdaddf6cc01fcf2e38a6b0,7 Siblings,0.7414285714285714,individual,,,,9
0xc08b122fb1057149f55d49d3d5cea0d083b37ffb,Trend Research (Jack Yi / LD Capital),0.7414285714285714,individual,,,,8
0x171c53d55b1bcb725f660677d9e8bad7fd084282,Trend Research (Jack Yi / LD Capital),0.7414285714285714,individual,,,,6
0x65ae0ed283fa71fd0d22f13512d7e0bd9e54c14a,wtimmy.eth,0.7379310344827587,fund,,wtimmy.eth,,6
0x189c2c1834b1414a6aee9eba5dc4b4d547c9a44c,daaglobal.eth,0.7379310344827587,individual,,daaglobal.eth,,6
0x2704d8d2bca87c3b7be4f80756aef5d2d3313b02,joowill.eth,0.7379310344827587,individual,,joowill.eth,,6
0x1a5213554ac2f7056c554fb19416ff9738e165ba,haos.eth,0.7379310344827587,individual,,haos.eth,,6
0x11c34d9c67162dd21273e8844c831f7b182026a6,ninemeows.eth,0.7379310344827587,fund,,chope.eth,,7
0xda92cfbba87fd98d35e320db18176bfe47a140ca,dooyoung.eth,0.7379310344827587,fund,,dooyoung.eth,,5
0xaf6ccd55faa9f977f13fbfab6f9ec81dc2028062,adorableraccoon.eth,0.7379310344827587,fund,,adorableraccoon.eth,,5
0x733428f811d11940ed1168dcc57e21a5660c8f68,shnuggly.eth,0.7379310344827587,fund,,shnuggly.eth,,5
0xe4c8f205aa7a53a3479429913be832294d47297a,kamisatoayaka.eth,0.7379310344827587,individual,,kamisatoayaka.eth,,5
0xaaa47f5d0a4274f20d75820f2b70b4c34086aab1,morilabs.eth,0.7379310344827587,individual,,morilabs.eth,,6
0x1dc67adaf9f163c5b1a95043addbdfa1af58e512,discordtag-2themoon6691.eth,0.7379310344827587,individual,,discordtag-2themoon6691.eth,,5
0x8fc2b6c5b8b4a4884f6f0bcb91181c1cc3f735da,theboot.eth,0.7379310344827587,fund,,theboot.eth,,5
0x3d1bc92b1635a76193e67e86fa0b10cd8b8b1ab9,rarelyrisk.eth,0.7379310344827587,fund,,rarelyrisk.eth,,5
0x72655b3926db3afbe914a53b0604905af7ce11a5,mtaavebank.eth,0.7379310344827587,individual,,mtaavebank.eth,,5
0x7c132bde28ad1e0101d45121757d7c6c2e8a550a,0xraffael.eth,0.73125,individual,,0xafonsop.eth,,5
0x89b8b20ae90328692cd367f75aafadf55fd33e8b,6174.eth,0.7305555555555555,individual,,6174.eth,,9
0x091d8de14dc0db1c7266afc1726880dc532fb90c,beachbumvc.eth,0.7305555555555555,individual,,beachbumcapital.eth,,9
0x1f8dec5061b0d9bf17e5828f249142b39dab84b4,0x22mb.eth,0.7305555555555555,individual,,0x22mb.eth,,8
0x52def6c112bffc66fc8c8258539d4d8c30c5000c,5000c.eth,0.7305555555555555,individual,,5000c.eth,,8
0x0c90a9d2b0f573c21c499ddac720e2c6e2899f7c,0x0c90.eth,0.7305555555555555,individual,,wildrabbit.eth,,7
0x31d3243cfb54b34fc9c73e1cb1137124bd6b13e1,sifuvision.eth,0.7305555555555555,individual,,sifuvision.eth,,10
0x1109297e392d92c1613fdbdf30579a0215c20da9,quantbikevault.eth,0.7305555555555555,individual,,quantbikevault.eth,,10
0x056590f16d5b314a132bbcfb1283fec5d5c6e670,dyd.eth,0.7305555555555555,individual,,dyd.eth,,10
0xa6a1fac4430cff1d6ca66e490ab16b0c8422ae23,jacobzhao.eth,0.7305555555555555,individual,,jacobzhao.eth,,8
0x3ff8788f9172d77a9688939bc00442c7be9042bf,0xduck1.eth,0.7305555555555555,individual,,dumbestmoney.eth,,8
0xf91d4cf33a08abc1227cfd69fc92c2b1df9fd23c,coinbase Related,0.7305555555555555,unknown,,[22e905968f8c7c3811c521b33ab3bcb823d5a042bbe68b08b991af9a33534eb6].sismo.eth,,10
0xd75523c1d7fef9bb361020f2baa2d18f96c7d3f2,financeliberty.eth,0.7305555555555555,individual,,financeliberty.eth,,8
0xb8fc6fd16ab5f3b6652c6580c8b6208ddbd8b8a5,shinrinyoku.eth,0.7305555555555555,individual,,shinrinyoku.eth,,7
0xfb71f273284e52e6191b061052c298f10c2a6817,brainlet.eth,0.7305555555555555,individual,,brainlet.eth,,6
0xa5d223c176daab154a3134369d1c0478c5e6fecf,10248.eth,0.7305555555555555,individual,,xiyou.eth,,7
0x56aa33f20e25baa99e916c91abb4f59ae72491e0,onethousand.eth,0.7305555555555555,fund,,parknshop.eth,,7
0xb81a0e6c38c3fec8a171cfe9631f60127a0c5bfd,gnomelabs.eth,0.7305555555555555,individual,,elonmusk.umbra.eth,,6
0x48e731267ddcda81abe99c727cffa302a7c39a98,radahn.eth,0.7305555555555555,fund,,radahn.eth,,7
0x42de10a720c59ed8dcc6e55d5e61e03b5ad70905,sad.eth,0.7305555555555555,individual,,imliterallyshaking.eth,,7
0xecded8b1c603cf21299835f1dfbe37f10f2a29af,texasbitcoin.eth,0.7305555555555555,individual,,dallascriminaldefense.eth,,6
0x8aecc5526f92a46718f8e68516d22038d8670e0d,nemorino.eth,0.7305555555555555,fund,,morphcapital.eth,,8
0x36cc7b13029b5dee4034745fb4f24034f3f2ffc6,humpy.eth,0.7305555555555555,fund,,humpy.eth,,8
0x418aa6bf98a2b2bc93779f810330d88cde488888,58bro.eth,0.7305555555555555,fund,,58bro.eth,,6
0xa00b0540f43e00a634d016a31b0a39d95170e6bf,dubstepnerd.eth,0.7305555555555555,individual,,dubstepnerd.eth,,8
0xb4fb31e7b1471a8e52dd1e962a281a732ead59c1,chud.eth,0.7305555555555555,individual,,mathisirrelevant.eth,,7
0xf20b338752976878754518183873602902360704,few.com / Bitfinex-funded entity,0.73,fund,,,,4
0x1e830ed61b6f1bb785481de18b06283d0736b955,sushiswap,0.7240740740740741,individual,,,,6
0xfb4cb868727d9622258bf2b26a8cfc95f6742669,hughkarpet.eth,0.7240740740740741,individual,,hughkarpet.eth,,7
0x9b5ea8c719e29a5bd0959faf79c9e5c8206d0499,defiactivist.eth,0.7240740740740741,individual,,defiactivist.eth,,7
0xd14f076044414c255d2e82cceb1cb00fb1bba64c,auramaxi.eth,0.7240740740740741,fund,,auramaxi.eth,,7
0x473d3a2005499301dc353afa9d0c9c5980b5188c,rawanalsex.eth,0.7240740740740741,individual,,rawanalsex.eth,,6
0x62e41b1185023bcc14a465d350e1dde341557925,defifun.eth,0.7240740740740741,individual,,defifun.eth,,5
0xf929122994e177079c924631ba13fb280f5cd1f9,Trend Research (Jack Yi / LD Capital),0.7240740740740741,fund,,,,6
0xdb5aa12ad695ef2a28c6cdb69f2bb04bed20a48e,Celsius Network,0.7240740740740741,individual,,,,6
0x46db0650645f7c9a29783c89171a62240ccc35cf,0x46DB ETH Accumulator,0.7200000000000001,individual,,,,3
0xa339d279e0a3a9ede11eceac2ec9529eebdae12c,0xa339 Whale (Lookonchain tracked),0.7200000000000001,individual,,,,3
0x1e17f8876b175d37ebe08849434973c051261461,Trend Research (Jack Yi / LD Capital),0.7200000000000001,individual,,,,3
0xfadb1e5913c439e5bde92826a5b820475f58d24c,Trend Research (Jack Yi / LD Capital),0.7200000000000001,individual,,,,3
0xf0cf6b2af598c1f2909e148cbc5f5cc7c27b878b,Trend Research (Jack Yi / LD Capital),0.7200000000000001,individual,,,,3
0x6286b9f080d27f860f6b4bb0226f8ef06cc9f2fc,utgl.eth,0.7148648648648649,individual,,otcxpert.eth,,6
0x8fdc74bad4aa20904a362d4b69434a0cf4d97f43,,0.7142857142857143,individual,,,,3
0xcfb13b7497be8c8678d87bf622c34cb50f09fd84,,0.7142857142857143,individual,,,,3
0x64471d103a7f77262529383d53bdd28b260b1ae8,,0.7142857142857143,individual,,,,3
0xc668209f003d11d5be51e23dad85505204b9317c,,0.7142857142857143,individual,,,,3
0x1f2cfaddcad3a4e398fac6df39b51c310dd1729a,,0.7142857142857143,individual,,,,3
0xb8551abd2bb66498f6d257ae181d681fd2401e8a,,0.7142857142857143,individual,,,,3
0x716034c25d9fb4b38c837afe417b7f2b9af3e9ae,Trend Research (Jack Yi / LD Capital),0.7142857142857143,individual,,,,3
0xdde0d6e90bfb74f1dc8ea070cfd0c0180c03ad16,Trend Research (Jack Yi / LD Capital),0.7142857142857143,individual,,,,3
0xca08371f6e9204dd6927dcc2db5504ea062b2998,Trend Research (Jack Yi / LD Capital),0.7142857142857143,individual,,,,3
0x691cb02bf62a0bb2397bfae9a55f7380d415fff2,Trend Research (Jack Yi / LD Capital),0.7142857142857143,individual,,,,3
0x34780c209d5c575cc1c1ceb57af95d4d2a69ddcf,Trend Research (Jack Yi / LD Capital),0.7142857142857143,individual,,,,3
0x4a49985b14bd0ce42c25efde5d8c379a48ab02f3,Aave Genesis Team,0.7142857142857143,individual,,,,3
0x712d0f306956a6a4b4f9319ad9b9de48c5345996,Trend Research (Jack Yi / LD Capital),0.7142857142857143,individual,,,,3
0x7cd0b7ed790f626ef1bd42db63b5ebeb5970c912,Coinbase 2 Institutional,0.7142857142857143,fund,,,,3
0xa1175a219dac539f2291377f77afd786d20e5882,mandalacapital.eth,0.7136363636363635,individual,,mandalacapital.eth,,4
0x4debdd6cee25b2f931d2fe265d70e1a533b02453,imminentconvergence.eth,0.71,individual,,rowland.eth,,4
0x5be9a4959308a0d0c7bc0870e319314d8d957dbb,World Liberty Financial (Trump),0.71,individual,,trump‚ù§‚Äçüî•.mfpurrs.eth,,5
0x0eb4add4ba497357546da7f5d12d39587ca24606,Trend Research (Jack Yi / LD Capital),0.7095238095238096,individual,,,,4
0x5356df73b293bd9c6e8efd22c99833391ef8821a,ü§æ‚Äç‚ôÇü§æ‚Äç‚ôÇü§æ‚Äç‚ôÇ.eth,0.7074074074074074,individual,,ü§æ‚Äç‚ôÇü§æ‚Äç‚ôÇü§æ‚Äç‚ôÇ.eth,,6
0xec7fe1bbbc4955836bd54d23088a91e5b4b32b77,,0.7074074074074074,individual,,cryptomined.eth,,6
0xb1748c79709f4ba2dd82834b8c82d4a505003f27,fraxcomptrollers.eth,0.7074074074074074,individual,,frax.eth,,6
0x5c7c6d069ba232718f37c27a9549b547c359e31c,Staking: anyfund.eth,0.7074074074074074,individual,,anyfund.eth,,9
0x645e0dbdb5fc2594b8913d7d7c627afe250ab550,BINANCE-funded Entity (cluster_14) Signer,0.7,individual,,,,0
0x3b89ea8fd6978c0caa3d69ab6be18f3d0dac8eaa,KRAKEN-funded Entity (cluster_13) Signer,0.7,individual,,,,0
0x07ba6271c1ee0637c3afd47a302bd7874386fc19,KRAKEN-funded Entity (cluster_13) Signer,0.7,individual,,,,0
0x33c04a54eccf212f177ed5df62e3e5306d8d4eb3,KRAKEN-funded Entity (cluster_13) Signer,0.7,individual,,,,0
0x59e608e4842162480591032f3c8b0ae55c98d104,KRAKEN-funded Entity (cluster_13) Signer,0.7,individual,,,,0
0xdcb36a532abad869e11ea133a9bf20dba089e036,KRAKEN-funded Entity (cluster_13) Signer,0.7,individual,,,,0
0xb0c9c5b5211de3a75b61bb798887b76accd64193,KRAKEN-funded Entity (cluster_12) Signer,0.7,individual,,,,0
0xd804ab3355a634aebd45e1252d6208807defd554,KRAKEN-funded Entity (cluster_12) Signer,0.7,individual,,,,0
0x1cae37780ad92801641d05ba5bb7e978c99fc5da,KRAKEN-funded Entity (cluster_12) Signer,0.7,individual,,,,0
0x6d14109fa4dfb3e95a3404dd50bc8ec84f15284e,KRAKEN-funded Entity (cluster_12) Signer,0.7,individual,,,,0
0x3be3a8613dc18554a73773a5bfb8e9819d360dc0,BINANCE-funded Entity (cluster_11) Signer,0.7,individual,,,,0
0xb78af8abcdcfe57857fad49342a236c884710d11,KRAKEN-funded Entity (cluster_9) Signer,0.7,individual,,,,0
0x69ea6e7a43ca2f76f2ce3d618d6241516ee5e93e,KRAKEN-funded Entity (cluster_9) Signer,0.7,individual,,,,0
0xe2be74a8bbcc84da849d97a7cfc477142ad584ba,KRAKEN-funded Entity (cluster_9) Signer,0.7,individual,,,,0
0xc1233286acdb6bed1a1c902d3ed01960aaf34e0d,KRAKEN-funded Entity (cluster_9) Signer,0.7,individual,,,,0
0xf941d54a900e5bc73044b783e405fe14aba6359b,BINANCE-funded Entity (cluster_8) Signer,0.7,individual,,,,0
0xf8cde0c8b13de793ad9597713a05f9fe9730af01,BINANCE-funded Entity (cluster_7) Signer,0.7,individual,,,,0
0x31b43508ae97f6cf5309e1a54966ebe15c28768c,BINANCE-funded Entity (cluster_7) Signer,0.7,individual,,,,0
0x6bb4a97befc054d424483b3f4d7fdab2baafc1eb,BINANCE-funded Entity (cluster_7) Signer,0.7,individual,,,,0
0x88ccc376a3b2fc0582c1fb4a09f6bb8967b537f8,BINANCE-funded Entity (cluster_6) Signer,0.7,individual,,,,0
0x66e2a637cc99dd0bfe1922a77cf747de727836b0,FTX-funded Entity (cluster_4) Signer,0.7,individual,,,,0
0x7cf5cdb5617397c28c9527983e283393b1456617,BINANCE-funded Entity (cluster_3) Signer,0.7,individual,,,,0
0x7377ee0263070418c9c2f832896b2ef66698821a,BINANCE-funded Entity (cluster_3) Signer,0.7,individual,,,,0
0xe051fb91f3c8c53dcca8f52eba8f9e3e6d93c7e1,Market Maker / Institutional,0.7,fund,,,,2
0x2bdded18e2ca4e3c4a7478f68f72e7e6d4b5d5a0,Distributed Fund (EU+LATAM),0.7,fund,,,,11
0x3aa39dff4964043a61d94029fcedaac2f02f3187,Inactive Compound User (2020-2021),0.7,individual,,,,3
0x85af4b64a0d98fd9a0ef9b473dd50008f8624b8a,Coinbase Prime Custody Client Signer,0.7,individual,,,,0
0x27c09696061ffb6f186f4fc309b88f32ec19b6ed,KRAKEN-funded Entity (cluster_12),0.7,individual,,,,3
0xb65b8cf358a2a4c62e1153ec88fc0ed43fb73bc4,KRAKEN-funded Entity (cluster_13),0.7,individual,,,,3
0x9bc8033c56d46cb4ca4feaf6d621f54a244b55b7,BINANCE-funded Entity (cluster_8),0.7,individual,,,,3
0x3e312eddaaed13db65178a8036a8b715f645a746,KRAKEN-funded Entity (cluster_9),0.7,individual,,,,3
0x3090b420b8649bd0a813fa65cf043c63f7a8a79f,BINANCE-funded Entity (cluster_14),0.7,individual,,,,3
0x8e51a91ffa872d2cb9651f5bf310d9c3357716c0,BINANCE-funded Entity (cluster_8),0.7,individual,,,,3
0xd3d11d778970e562bbe5105e5e7eff9fdd60bce3,BINANCE-funded Entity (cluster_8),0.7,individual,,,,3
0x235c0ef605fb19fa1f8d32ca52ef337bb50ef6f8,KRAKEN-funded Entity (cluster_12),0.7,individual,,,,3
0x5c8898f8e0f9468d4a677887bc03ee2659321012,BINANCE-funded Entity (cluster_7),0.7,individual,,,,5
0xd72911503b98dc94fdc9aeb29ee457bc5798de5c,FTX-funded Entity (cluster_4),0.7,individual,,,,3
0x109578184cc1f5b96db95c65022532b273d03d42,BINANCE-funded Entity (cluster_14),0.7,individual,,,,3
0xa9336a684d2088503ed1cf782044a93119b1ef37,BINANCE-funded Entity (cluster_11),0.7,individual,,,,3
0xc868bfb240ed207449afe71d2ecc781d5e10c85c,KRAKEN-funded Entity (cluster_13),0.7,individual,,,,3
0xe466d6cf6e2c3f3f8345d39633d4a968ec879bd5,KRAKEN-funded Entity (cluster_12),0.7,individual,,,,4
0x53fcdd68ff10f916ca6fb6fe3ee5c483410efb60,BINANCE-funded Entity (cluster_11),0.7,individual,,,,4
0x507b3f6d4f85c451f7914006c647391a1afb96d6,KRAKEN-funded Entity (cluster_9),0.7,individual,,,,4
0x5f4cfc9da95909d976b502de496bc3bacdfcb0a0,BINANCE-funded Entity (cluster_6),0.7,individual,,,,3
0x33cf8a44a07c2ab4db203efb039b1235f02b7377,BINANCE-funded Entity (cluster_8),0.7,individual,,,,3
0x0591926d5d3b9cc48ae6efb8db68025ddc3adfa5,BINANCE-funded Entity (cluster_7),0.7,individual,,,,5
0x69d1bbd881817795811e3e2973716ddc98bfe9b2,FTX-funded Entity (cluster_4),0.7,individual,,,,3
0xb1bd5762faf7d6f86f965a3ff324bd81bb746d00,BINANCE-funded Entity (cluster_7),0.7,individual,,,,5
0xc9cab386d9f9f8b1f529ed5a10c901c7539d3d04,BINANCE-funded Entity (cluster_3),0.7,individual,,,,3
0xd09f16830172e6073e8e5ee5053f35010f1c7d7a,BINANCE-funded Entity (cluster_6),0.7,individual,,,,5
0xeaa7723633cf598e872d611f5ec50a45b65cbc72,FTX-funded Entity (cluster_4),0.7,individual,,,,3
0xd46b96d15fff9b2b17e9c788086f3159bd0e8355,BINANCE-funded Entity (cluster_3),0.7,individual,,,,3
0xdbc652411605f8bb8969136923aa039c79989482,Asia-Pacific DeFi Fund (UTC+6),0.7,fund,,,,393
0x99fd1378ca799ed6772fe7bcdc9b30b389518962,Asia-Pacific DeFi Fund (UTC+7),0.7,fund,,,,7
0x8fe0e1205811d5a7e80ee9dc65ae75cafd71ac8d,rukkhadevata.eth,0.6930555555555555,individual,,nahidaüçÄüå∫üå∏.eth,,8
0x09d4083ffd20d21acb9118465ad7c52ac8b548f7,cygninae.eth,0.6930555555555555,individual,,onchainretard.eth,,9
0x06404d6684a4f0a1f83967612f93af857113b884,zmlee.eth,0.6930555555555555,individual,,zmlee.eth,,8
0x7ca2b8b8a6c81cbd6d69267bc7854273d048294d,muchbaconsandwich.eth,0.6930555555555555,individual,,muchbaconsandwich.eth,,8
0x02eca8cc78b7d30c1ac5e16988ed2c8a9da658d6,sunnybay.eth,0.6930555555555555,individual,,holp.eth,,8
0x55e1490a1878d0b61811726e2cb96560022e764c,lootproject.eth,0.6930555555555555,individual,,divinerobeofthefox.eth,,8
0x3bbec29ab82db1f0be3f67261cc902c4e35ab70d,vitosha.eth,0.6930555555555555,individual,,dunav.eth,,9
0x77693ff03fd85f9181e5e577b8cabfddac00880a,moonbeaver.eth,0.6930555555555555,individual,,moonbeaver.eth,,8
0x54be3a794282c030b15e43ae2bb182e14c409c5e,dingaling.eth,0.6930555555555555,fund,,flacoburrito.eth,,9
0x8d9f950c23b73edf79ce52f74c6fb589cd2cbd90,lirone.eth,0.6930555555555555,individual,,lirone.eth,,8
0x41f0c2e1c071dcc834b80aa1a29b81e5a31c4bcb,shakeandbayc.eth,0.6930555555555555,individual,,shakeandbayc.eth,,7
0xe1d18ae098ffb1ad301e0609180f155b329a710a,Staking: nitin.eth,0.6930555555555555,individual,,bridgemutualinsurance.eth,,7
0x9cd9f38caf08999e660af70d11bb9ce08f16bc42,mashix.eth,0.6930555555555555,individual,,mashix.eth,,8
0x5338035c008ea8c4b850052bc8dad6a33dc2206c,mevcollector.eth,0.6930555555555555,individual,,rotating.eth,,8
0xe44799ef334df157e0f8e2855e5ebebdbc02b299,ronzheng.eth,0.6930555555555555,individual,,ronzheng.eth,,9
0x46499275b5c4d67dfa46b92d89aada3158ea392e,Staking: hodldwon.eth,0.6930555555555555,individual,,hodldwon.eth,,8
0x47a127f496d001f187ac65fc24852274dc51d080,tipofeverest.eth,0.6930555555555555,individual,,tipofeverest.eth,,8
0xc44fd102415ff62769a4e37c70dea27033a5291f,senl.eth,0.6930555555555555,individual,,senl.eth,,8
0x28d804bf2212e220bc2b7b6252993db8286df07f,geo.eth,0.6930555555555555,individual,,geo.eth,,8
0xf91dc62ecb1d2cfc6ee72e1e7a27288c20bb5486,pokeee.eth,0.6930555555555555,individual,,pokeee.eth,,8
0x774bb9306df1cd921eb842b1388c78f75e6ef79f,caishendao.eth,0.6930555555555555,individual,,caishendao.eth,,9
0xfd98e865527f92df6255079689a12b81c2babf93,one-zero-zero-zero-oh-doub.eth,0.6930555555555555,individual,,weenis.eth,,8
0x0b5a91adc9a867501fd814cea2caba28f9770b63,0xdelta.eth,0.6930555555555555,individual,,viwat.eth,19,8
0xadeeb9d09b8bcee10943198fb6f6a4229bab3675,pashka.eth,0.6930555555555555,individual,,pashka.eth,,8
0x5e828ff60fe3871f9f156ff46eb351ed5a17abb3,megahoundseeker.eth,0.6930555555555555,individual,,mutantmegahound.eth,,6
0xb71cd2a879c8d887ea8d75155ff51116178641c0,mmt.eth,0.6930555555555555,individual,,citadelmonk.eth,,7
0xdd84ce1adcb3a4908db61a1dfa3353c3974c5a2b,alienmode.eth,0.6930555555555555,fund,,alienmode.eth,,6
0x4573cf12176b3bd90fcda44c390cfa34089ad695,Staking: speed.eth,0.6930555555555555,fund,,speed.eth,,7
0xd4e26683635bf3dc9ead5f31b935c33cc1ce1838,deskj.eth,0.6930555555555555,individual,,deskj.eth,,8
0x67e5ab5b573f01030a1076dda7a79ef0f31a1bfa,shipcod.eth,0.6930555555555555,individual,,shipcod.eth,,8
0x80b3153f39aeec1ef68adc038913698e103e6e1d,mozzz.eth,0.6930555555555555,individual,,mozzz.eth,,9
0xbbce591e265f34c9ef5449293cd775dc87e2ea02,veblengoodmorning.eth,0.6930555555555555,individual,,veblengoodmorning.eth,,6
0x65b1b96bd01926d3d60dd3c8bc452f22819443a9,immutablepunk.eth,0.6930555555555555,individual,,immutablepunk.eth,,7
0xb295faacfe9d72ce8bd57b8771bad5cd031647dc,neth.eth,0.6913793103448276,individual,,neth.eth,,7
0xa8ee0babe72cd9a80ae45dd74cd3eae7a82fd5d1,msena.eth,0.6913793103448276,fund,,msena.eth,,7
0xc12a149a86dd2b4c7a1d9703d90037fbbaad3e64,heckcapital.eth,0.6913793103448276,individual,,heckcapital.eth,,8
0xd711193c2068575bcfadf3d51b98a0f573cc6492,skyzer.eth,0.6913793103448276,individual,,skyzer.eth,,7
0x671730450c132914662dfa6beda90f8a1a4cf84a,sakuna.eth,0.6913793103448276,individual,,sakuna.eth,,6
0x4152d4ecc8a7c78ac4c5ef13b4f6f9c6a2cba565,xujunjun.eth,0.6913793103448276,individual,,xujunjun.eth,,6
0x6aa6316c1a1d78a14899f45d39a45c5fd92be9a3,itsmestable.eth,0.6913793103448276,individual,,itsmestable.eth,,6
0xe18a59a244e6137851ca8b0ecf57456183120907,lehehe.eth,0.6913793103448276,protocol,,passtowallet.eth,,6
0xad0fc281ac377794fa417e76d68788a56e3040f0,forgledger.eth,0.6913793103448276,individual,,forgledger.eth,,9
0xb43f7be1cbbb7c96aeaeaff4598044052a8a2097,albertyang.eth,0.6913793103448276,fund,,albertyang.eth,,7
0xaa7577a7a27aa7fcf6d0ec481b87df3ad0f6a88e,izebel.eth,0.6913793103448276,individual,,izebel.eth,,6
0x8e1493554901ae0e5cfd17bfb5a860e6a21a1901,cleancat.eth,0.6913793103448276,individual,,cleancat.eth,,6
0x571da526384e407a72c5229163e2824be56044fc,lozben.eth,0.6913793103448276,fund,,lozben.eth,,6
0x21351ef1fbbfddd971ace8a3b7eb67f5cc186c73,liemnguyen.eth,0.6913793103448276,individual,,liemnguyen.eth,,6
0xdd6e1a285790d4088fd020c65c764babf44b31e8,shivali.eth,0.6913793103448276,individual,,shivali.eth,,6
0x0f3a529a3c1b15ee1fcddad7ff9fab13028cda07,scyphros.eth,0.6913793103448276,individual,,scyphros.eth,,6
0xee02a8447b885a64eba7042d824e65aa07aba10c,fomoquant.eth,0.6913793103448276,individual,,fomoquant.eth,,6
0xfc2a0f6fd177c8bf40d0fab7e6027d6f290ef11d,centraltrust.eth,0.6913793103448276,fund,,centraltrust.eth,,6
0xca436e14855323927d6e6264470ded36455fc8bd,brokenfish.eth,0.6913793103448276,individual,,brokenfish.eth,,7
0x11658a88f95dd336faaaf303751c9af5058e6ab7,jwpark.eth,0.6913793103448276,individual,,jwpark.eth,,6
0x98b221a032f525a9fa2107182b06630e4a7aab89,6098.eth,0.6913793103448276,fund,,971020.eth,,6
0x4a2c544fc56cc7e024a336ecb829e39b91d28f51,headlinewallet.eth,0.6913793103448276,individual,,usdvswap.eth,,5
0x8b62e9831f7b8cc852c1da4e1ef67b11b6610463,lmho.eth,0.6913793103448276,fund,,lmho.eth,,5
0x78376289d3d525739a915f7d00373bc7b3abea2d,wl66666.eth,0.6913793103448276,individual,,lyq.eth,,5
0xe0b2026e3db1606ef0beb764ccdf7b3cee30db4a,numerium3.eth,0.6913793103448276,individual,,numerium.eth,,5
0xf212ce21a97dbe30999a4c2b309d278bccbb686a,jin.eth,0.6740740740740739,individual,,jin.eth,,8
0xd6dbed6297b539a11f1aab7907e7df7d9ffeda7e,suho.eth,0.6740740740740739,individual,,suho.eth,,7
0xe67112647b7aea8b7490f27e1c75208868138df2,junglegreen.eth,0.6740740740740739,individual,,junglegreen.eth,,5
0xaf297dec752c909092a117a932a8ca4aaaff9795,cryharder.eth,0.6740740740740739,individual,,cryharder.eth,,6
0x052564eb0fd8b340803df55def89c25c432f43f4,pablopunkasso.eth,0.6740740740740739,individual,,pablopunkasso.eth,,6
0x3689c216f8f6ce7e2ce2a27c81a23096a787f532,0x3689c.eth,0.6740740740740739,individual,,0x3689c.eth,,6
0x7ba7f4773fa7890bad57879f0a1faa0edffb3520,greenpeak.eth,0.6740740740740739,fund,,greenpeak.eth,,5
0xdf63be2e473ba04c26b1609e51d08cf0d78e0913,vast.eth,0.6740740740740739,individual,,vast.eth,,6
0x5081e5d4725f436b8d624c0dbc9c6c805cc53425,,0.6706349206349207,fund,,,,5
0x547c705fbeddbf32c96b552ab1045f5555ba5edf,,0.6706349206349207,fund,,,,5
0xf59362defff3de62f6d757e155f1842a3a888982,,0.6706349206349207,fund,,,,5
0x793c1a43f2aed8c02ee9005c9de2ecc1cf1580a0,,0.6706349206349207,fund,,,,5
0x487828727cc97172205faeb8d15b3ee5d9924599,Asia-Pacific VC/Investment Fund,0.67,fund,,,,511
0xce9d00377edc72ddfbf0c9e0f007b614e9257c69,few.com (change_address linked) (propagated),0.6655500000000001,unknown,,,,45
0x0ed0ea598e89765471e86a060bd91f4bb2dc1fb0,few.com (change_address linked) (propagated),0.6655500000000001,unknown,,,,319
0x9a20bed545c3ccb0be85b182f47225fe74cead02,few.com (change_address linked) (propagated),0.6655500000000001,unknown,,,,382
0xcb4a7b790edb7fa3e2731efd7ed85275f92fc74a,,0.6538461538461539,individual,,,,3
0xd4ee113548dd66913dff6743e9b89e9fca7e4ead,9708.eth,0.6538461538461539,individual,,9708.eth,,3
0x3a55e304d9cf13e45ead6ba3dabccadd3a419356,sushiswap,0.6522727272727272,fund,,ephemerya.eth,,5
0x2ceb5d4d3c325485d4d977c929504954ee92f194,unmarshall.eth,0.6522727272727272,individual,,unmarshall.eth,,4
0x2c106367ec891c1d7de2d2c3cf5f369845f5db1e,Atlantic/Brazil DeFi Fund (UTC-2),0.65,fund,,,,327
0xc0979af67786f30dea9335665592d6813b21b819,Central Asian DeFi Fund (UTC+5),0.65,unknown,,,,59
0x602d9abd5671d24026e2ca473903ff2a9a957407,Americas DeFi Fund (UTC-6),0.65,individual,,,,9
0x1be45fef92c4e2538fecd150757ed62b7b3757d7,Atlantic Region DeFi Fund (UTC-2),0.65,individual,,,,200
0xe3f277382419535245a345e923898c2d43f7cbe5,Wirex,0.63,individual,,,,4
0x355b5f013a1ede94607f7a4ce45c0132f053507c,sushiswap,0.63,fund,,,,4
0xfbe87d602f7d7dd511349be4acf58842392124a0,williamlancaster.eth,0.63,individual,,williamlancaster.eth,,4
0x411ec29a5619d17eee9623f1a9a74bcda5a2ca81,singe.eth,0.63,fund,,singe.eth,,4
0x61329adc9362b5906a6e098ac01616a70fe57080,2148.eth,0.63,individual,,2148.eth,,3
0xa9ed0db00e5c29e7e18a55db159ea33fb5fea60a,European Institutional Fund (UTC+1) (propagated),0.6247499999999999,unknown,,,,121
0x4823be7f266c5bca85b7dbd8e41f4710e1c49a7b,delusionalhopiumsniffer.eth,0.624074074074074,individual,,delusionalhopiumsniffer.eth,,6
0xb483f21dc981d2d1e483192a15fcac281669bf73,monk.eth,0.624074074074074,individual,,monk.eth,,6
0x33e7baf5e4098edfab7d1a434d81653d69b39b47,doohanhotwallet.eth,0.624074074074074,individual,,doohanhotwallet.eth,,6
0xc468315a2df54f9c076bd5cfe5002ba211f74ca6,Asia-Pacific VC/Investment Fund,0.62,fund,,,,483
0xac6559df1f410feba9a6cbf395272189461d8463,Asia-Pacific VC/Investment Fund (propagated),0.618375,unknown,,,,12
0x5921c191fe58175b1fb8943ed3f17345e615ff02,Asia-Pacific VC/Investment Fund (propagated),0.618375,unknown,,,,13
0xf55d84504217542d4f39d9bf9a70342744836007,Asia-Pacific VC/Investment Fund (propagated),0.618375,unknown,,,,13
0x55f6ccf0f57c3de5914d90721ad4e9fbce4f3266,few.com (change_address linked) (propagated),0.6118202250000001,unknown,,,,521
0x6a73204db71f8e054bf9a0680b02ae96f700b595,,0.611111111111111,individual,,,,4
0x9f4f18ac9cc9de7c1441ac39ab2dbd7174fa1561,,0.611111111111111,individual,,,,4
0xea8d287e23f1e005fa8bd3c9d1efae2c726db9a4,,0.611111111111111,individual,,,,4
0x98e711f31e49c2e50c1a290b6f2b1e493e43ea76,,0.611111111111111,individual,,,,4
0x7da0d8663763dcc5685bf3438f786e950576e615,,0.611111111111111,individual,,,,5
0x57e04786e231af3343562c062e0d058f25dace9e,,0.611111111111111,individual,,,,4
0x96307abd00708aecc8f555fdc1ede96e9d3a2aa0,,0.611111111111111,individual,,,,4
0x2b13de00480d1e9edd45b7fa67387098964f6b94,,0.611111111111111,individual,,,,4
0x84d34f4f83a87596cd3fb6887cff8f17bf5a7b83,Trend Research (Jack Yi / LD Capital),0.611111111111111,individual,,,,4
0x67ef83702452f3ffe07da0e26b12f909658df3b3,Tornado-funded Signer (Cluster A),0.6,individual,,,,1
0xd485d32bf1f7d50ecb03c04a71345c2b4b42587c,,0.6,individual,,,,2
0x93f96d0775e3d915228bab5e91f5ef09262847aa,,0.6,individual,,,,2
0xf460ac4708bd982b6a130a4b60847862772e97af,,0.6,individual,,,,2
0x9f6be6d90f28a9faf75d7197757ef112843b880f,,0.6,individual,,,,2
0x366c608ebea8e8162bbbaa650ae0ab02b9b2be72,,0.6,individual,,,,2
0x9dbb4c06357c3e9d92737d78f1a5d541b63ec7ee,,0.6,individual,,,,2
0x03ff6729de579e60c5a3289be0bea42aff69be93,,0.6,individual,,,,2
0x62b1bbda8a2c1a6b9cdf72d6ca22e6506d1f2746,,0.6,individual,,,,2
0xf11f844bc13e7912b78f0ee8b8168f8ef32be22d,,0.6,individual,,,,2
0x21971c9b17425141a1dac54f9abf1ad1489d8b90,,0.6,individual,,,,2
0xcb84be8e49db5e35d1da62a1070847b914f4cd68,,0.6,individual,,,,2
0xa1cc732bee3d7aa1a30410aba77feac501725e7b,,0.6,individual,,,,2
0x1442bd4f8ae664c561c2ed73b3b7ce5879a99f13,,0.6,individual,,,,2
0x342a1e63f23b98f90f3f7675a6e155935e55ed71,,0.6,individual,,,,2
0xea03e659a2e59c3715c6517afe58541be162161a,,0.6,individual,,,,2
0xb9fd5a298581586fd7b7c365ca5f1c10aef0b8a8,,0.6,individual,,,,2
0xe705b1d26b85c9f9f91a3690079d336295f14f08,,0.6,individual,,,,2
0xc8a6e7e6600c2f9aaaeb0084d2d78e091bfcbfc5,,0.6,individual,,,,2
0x3d28383aedeefe3dc14c93c96d6ceeb975e1a1ea,,0.6,individual,,,,2
0x02aada095109f8d41adf372d317535312c73a0b6,,0.6,individual,,,,2
0x70fce97d671e81080ca3ab4cc7a59aac2e117137,,0.6,individual,,,,2
0x98c3c0d704a99f7739c466c9d85d186d0d494945,,0.6,individual,,,,2
0x6025ad293fcfda90c2d152a3c120a472441a3693,,0.6,individual,,,,2
0x3d26b234cd3aea7b94787dc034e8f095a3d8f052,,0.6,individual,,,,2
0xdc04a5eea3ffdc88755f654a619399d7cf7c80c4,,0.6,individual,,,,2
0x64bca4dcafb3f889f2df9f97e7a6a6b297acb8e1,,0.6,individual,,,,2
0x5f23d9789dd2cd64512f8c40fd50be0c2a6927b4,,0.6,individual,,,,2
0xd196248aa5582485adf743c1ba22ef4c1f5d068a,,0.6,individual,,,,2
0x7411356ea8c40bfdd70e7fff9c1a81ddc60ae955,,0.6,individual,,,,2
0xa6cb81271418b9f41295fff54be05f6250c7cbf6,,0.6,individual,,,,2
0x5e3026fb980f7a4aa10bd16cd7e6dfadbbae65c4,,0.6,individual,,,,2
0x477296b8f5f5525be26e5c0a82eb0dd24da3949f,,0.6,individual,,,,2
0x399b610e64cfc26988b3a476b438a5f73976ca70,,0.6,individual,,,,2
0xad3d8da4f9558d90791b7d4f6621b3c88e439303,,0.6,individual,,,,2
0x25599dcbd434af9a17d52444f71c92987fa97cfc,,0.6,individual,,,,2
0xa59ec0ae0aeb1fd6cfcc93569e0acae63ef2d8ba,,0.6,fund,,,,5
0xeb528631afefd84c69a20e6d270adf9bebbd4e38,,0.6,individual,,,,2
0x3874b310ad937f556144bb0f6ea06461ac209cca,,0.6,individual,,,,2
0xcdfc0f9e502ee03f8d92e3cfbc12e78e0d0df3b2,,0.6,individual,,,,2
0xe43f309a3737af46038a8e4a76dd954292a4c4d3,,0.6,individual,,,,2
0x5988e42443d8bb5a8ad4155589f886e8fea755d5,,0.6,individual,,,,2
0x108e4bfd9cda6243e1de53b71d08a0111974efc1,,0.6,individual,,,,2
0x3467c632956022ba68258c84965d1bbf16650aa1,,0.6,individual,,,,2
0x9f985eafe393958fc43b4ab6dba85e768dc47e0d,,0.6,individual,,,,2
0x8182f19289533ded29600ab159492be88153e98b,,0.6,individual,,,,2
0xab9df2274ac96849d4a58df27d50a3f75f81ccc6,,0.6,individual,,,,2
0xb7cb772a0d8001a618f65373f9ac7750aa2c7d28,,0.6,individual,,,,2
0xd162e7744ffd970a385fd9888e30a08f1fff8101,,0.6,individual,,,,2
0x56626169451d0aca031702e7cfe3502ec1eec49a,,0.6,individual,,,,2
0xbdd715ac9d0f62d43f86dbf422739f682e1261e9,,0.6,individual,,,,2
0x554035a12da3f1f3621489018c9376f3a3df47ed,,0.6,individual,,,,2
0xe8d6d51476092a2cd88af615839d31b03cad7621,,0.6,individual,,,,2
0x916225edbe120d2c563e7c589713746365120fd6,,0.6,individual,,,,2
0x4488a6d9dc7c1284d3b871908aa0c090d8a06e0d,,0.6,individual,,,,2
0x9cc981b2f986fb51373ff7cca80882592e0559b0,,0.6,individual,,,,2
0xf76d0835f76aa8f6c041f5f5885b13c374ca2dd4,,0.6,individual,,,,2
0x08e63b00b38ea99d745edf61fb653f8949aea5e0,,0.6,individual,,,,2
0xae6f8bf8ab9b6087ddff1730c3139e253f0e9fa1,,0.6,individual,,,,2
0xa4b4ec1d2653a8ad814aad49c406330915e94987,,0.6,individual,,,,2
0xa9e38689e02eba6a4465eceee53593479bbbbaaa,,0.6,individual,,,,2
0x3cbafbc98d4e38efc158b02c5334aeac309fbd51,,0.6,individual,,,,2
0xec31bef615cfcc6ca1d83452599192154d5f8265,,0.6,individual,,,,2
0x941ad3ebd8321797b9b53a87ade232e5d85973d1,,0.6,individual,,,,2
0x5fe009d78afabc1b04abd2d4361f8e95cd402648,,0.6,individual,,,,2
0x20014ea562ee44c04ab2b1652b58105b236fbcd4,,0.6,individual,,,,2
0x165dfcb31eaef1d8e175fc367aec82bb573bbfb4,,0.6,individual,,,,2
0x5fc8c4e0647fd62281901b9fc30c6eaaa6e749d3,,0.6,individual,,,,2
0xa542b55ede9ec2dadff0803b98b46d94cc471174,,0.6,individual,,,,2
0x05fba1ad0c8c9d6b70405237693bd142e842e433,,0.6,individual,,,,2
0xbf7ea95ab6f509b3b446c4d96a06d68a5c6e35ee,,0.6,individual,,,,2
0x6a1fac6b3466e29421f70d6eaa91a0de0f627ea2,,0.6,individual,,,,2
0xcfd73d7867da130b20da492c583031782d63b449,,0.6,individual,,,,2
0x22dfcf06613b2e097dcfc1e9059780c16d48d063,,0.6,individual,,,,2
0xea9d1d2b853cecc69c7bb629d000f9b867a5e511,,0.6,individual,,,,2
0xb7210a359cd2034126b8b2c8b95e748f04fffa38,,0.6,individual,,,,2
0x1e57178029f1b90bcfd86431f11ddb918df7f50b,,0.6,individual,,,,2
0x5f9b7cb081694f6fd248ba482889fedd00a5e8aa,,0.6,individual,,,,2
0x849273a0d78c9210ae0f1e2bf92eb5a76633e587,,0.6,individual,,,,2
0xc749a5b4bc339a097fcf0d93662e84d1b44e19bc,,0.6,individual,,,,2
0x42beec6f948c1e36936cfcfd9f3b06a6d5353ed8,,0.6,individual,,,,2
0x47cede04e99b1cc4d7cf1935c3eb7d2729e72969,,0.6,individual,,,,2
0x7fedd5f58697d432e207444000259bf26fc2bbd3,,0.6,individual,,,,2
0xa3fce7553771fd1b468e1e31f1457429e5df94c5,,0.6,individual,,,,2
0xcd5b8d59c614bfdf4c9df6864c8a426e093a17b4,,0.6,individual,,,,2
0x888072b826e0daa3430181557874015c3df38ced,,0.6,individual,,,,2
0xb20fb60e27a1be799b5e04159ec2024cc3734ed7,,0.6,individual,,,,2
0x3c1765de3efb746235526b10b94de1e2332aedbf,,0.6,individual,,,,2
0x7dfa2e1f1e695e4cbda0207032db90f92ae9bcd9,,0.6,individual,,,,2
0x2fbf82abf99a8fd5f815b01fbbdcc9dc46ace1e8,,0.6,individual,,,,2
0xb213531aa8113f455c626a305feaef82da605e08,,0.6,individual,,,,2
0xce32aac4652a5e9533c64e0d76bc4bff2ce46169,,0.6,individual,,,,2
0x5f1c6f9167ccf09d4da116fdbd38255ee1646171,,0.6,individual,,,,2
0x17b504247b0d8c1856e541a70495dd622023c7d2,,0.6,individual,,,,2
0x5b0bde4e3b5dc4f787532029f89bfca7e769308a,,0.6,individual,,,,2
0x13a32e15d4e4119dea98fdfb3dc0e7be246f6479,,0.6,individual,,,,2
0xfa426aac267738fcb14e30e516a72669b04699ac,,0.6,individual,,,,2
0x5f67054233ab53ad3490f535c8ae447f68177fb3,,0.6,individual,,,,2
0xe78b78c0a80f5683a98dc0a27fe2cfeeecf14afb,,0.6,individual,,,,2
0xc354c702513d5984ef77bc3d1974cfb3fdac3134,,0.6,individual,,,,2
0xc29ff89a2de0c0e8a358a933a8b00692cde452b5,,0.6,individual,,,,2
0xaa32471239b3a1bca2aecbc8cea2b1be766ae009,,0.6,individual,,,,2
0x2af91be7fbe59d2e281f8c8705e4636fc04e0147,,0.6,individual,,,,2
0xbc7253529cdc18a01e9b4e45e5fea8fce2a248a6,,0.6,individual,,,,2
0x399e16f9aa31aa67b7b1f6ed17953084dde6b63b,,0.6,individual,,,,2
0xef643c9bf7db34df22e65db4b7b7e39a62b19a57,,0.6,individual,,,,2
0x3a81a25d75d367fb327ef36df68974dcf7fc6321,,0.6,individual,,,,2
0xe1f3f93a108c36368f6f2c7cda267d3a32bc5071,,0.6,individual,,,,2
0xd5b32c3e9021c8b6c73f6b86e5652693d4be4ab5,,0.6,individual,,,,2
0x1ec658e07e97cb15d2e2ff2bbdf9747bf549d06a,,0.6,individual,,,,2
0x84c35f982496982b916f15d21026bc8d1d3cbc59,,0.6,individual,,,,2
0x6b2563826bc176fda2099c47567f447fc32cc5b7,,0.6,individual,,,,2
0x9e77162d6e50e6d8bdb5e0de7da8653e21f63350,,0.6,individual,,,,2
0x855904de035c9d86a301af364159e7237b2536c0,,0.6,individual,,,,2
0x2ac7908bd818982373f45fe1e5a6fb3c676fee1d,,0.6,individual,,,,2
0xb870d7063eb9a97f86173fa11f86c9f3be4b8f6c,,0.6,individual,,,,2
0x477de701b4ddf8ab42340bb8e94f0966af106f5f,,0.6,individual,,,,2
0xd332ade19050476a4446bdc03e574255154aaf0d,,0.6,individual,,,,2
0x8c83b391f054a88e007c84fb16187faeb7e9862a,,0.6,individual,,,,2
0x47739b4ab530ce28e1a21a8a8481d64904552954,,0.6,individual,,,,2
0xcb9bac7ff41506b41c780a15c2b06cf1bc7e2aa7,,0.6,individual,,,,2
0xdaf585a5869ca7c1c0b1b9896ecdf314668d3f55,,0.6,individual,,,,2
0x93ebbaa50e3734c5ea4cd61009ac1511e61d381e,,0.6,individual,,,,2
0x1ab3991857bd239cf9a7e76793e0add4a4b865d2,,0.6,individual,,,,2
0x1c934e8029d17920e697e3eb214014806576983f,,0.6,individual,,,,2
0x282b49d33ef1962ebe758f5cd1d9c59d35919dbc,,0.6,individual,,,,2
0x673b3815508be9c30287f9eeed6cd3e1e29efda3,,0.6,individual,,,,2
0x5cede91b3c5783d093b2f6c29cb2571a11204b27,instadapp,0.6,individual,,,,2
0x57d816664a9257f842e5f3e04bf15ee5b59a01c8,,0.6,individual,,,,2
0x1c2da3be47dc4dc22949cef903682541f544ab03,,0.6,individual,,,,2
0x3562affb5f77572235a7ae7da46f0c8df71a4b1f,,0.6,individual,,,,2
0x41dc15160424085be4563e365113a1a76d262eb6,,0.6,individual,,,,2
0xd74f186194ab9219fafac5c2fe4b3270169666db,,0.6,individual,,,,2
0x64a6238dfae1625cb220b7d42a0dbf68b4770d35,,0.6,individual,,,,2
0xd82a0fae1e9d27a3b530e41133af583b2a31e344,,0.6,individual,,,,2
0xafa8a3a41379dc0275ebdc1b6d6be97b878f7731,,0.6,individual,,,,2
0x0e5e58447a323c5f94e601ed53bb3143b98b3a71,,0.6,individual,,,,2
0x64022b5ce38aa93bb340d7d78eec8febbf42b859,,0.6,individual,,,,2
0x0221b322ad36bbdf872a15c6010301b261ac097a,,0.6,individual,,,,2
0x58485ea7106891bdd94c37ced30c6fdbc5293b16,,0.6,individual,,,,2
0x595362a906a0b4e90aee1430b1f80fdde2be80de,,0.6,individual,,,,2
0xc99bf87d2f89772bf284ed45e31976aa78937e10,,0.6,individual,,,,2
0x5b77fff51e506f3966a323ea0d52afd827699bd1,sushiswap,0.6,fund,,,,2
0x918c4faf6946acf7dc633e0cab32c0e528483615,,0.6,individual,,,,2
0xe009367f3892dc4902f94f9a4639917d0a03b616,,0.6,individual,,,,2
0xa860a7cca0e29fb25f3667a4adbd43f54f548cd7,,0.6,individual,,,,2
0x2a7db8653ed56dd8ca5d413997a1fab66aa326b0,,0.6,individual,,,,2
0xf388d96f92e1035acf7afd8173b87482cca8992f,,0.6,individual,,,,2
0x96b5ea9acf9c45fc9898291911fee702f5ca261e,,0.6,individual,,,,2
0x07dcf593ebc5e9204cdd80c5ba2e904e650884f9,,0.6,individual,,,,2
0x28376b3b5e891ca9aba834e2797a63f061af1039,,0.6,individual,,,,2
0x6c037dd2e86fe09965bffd864401f8173850c215,,0.6,individual,,,,2
0x4f3a120e72c76c22ae802d129f599bfdbc31cb81,,0.6,individual,,,,2
0x2f8d4e7b1d771932e1367ee46f4c7be11cd94ac3,,0.6,individual,,,,2
0x793918c6f668e5c4283a0fd64d57046588a10b5a,,0.6,individual,,,,2
0x75c97a4b805f1ea755321664e0a4465739886101,,0.6,individual,,,,2
0x3a6f43bf7032414c07d2d0c7438688135e35a944,,0.6,individual,,,,2
0x449f284c8f884f487907a348921715b7cabf213f,,0.6,individual,,,,2
0xb01ec8485bb3b7eaa7bb13c73645d91434a29bc4,,0.6,individual,,,,2
0x6ae3cb35f1ed950b237a6ec1081b2140822bd19e,,0.6,individual,,,,2
0xbb8ce9148872b85aaf1584364bb94eec99e8f409,,0.6,individual,,,,2
0x38abab9766e0b27d2912718a884292b8e7eb2803,,0.6,individual,,,,2
0x834bd54eae7edd442637375b9be9ba2a9ad28389,,0.6,individual,,,,2
0xcf0a315f4822efae0c97d1b58ee0f4fe5da8686b,,0.6,individual,,,,2
0xa19cf157969459cdd3c6c2dd4953d23a2ac89409,,0.6,individual,,,,2
0xc69381073814920d1ce2bb009ac9982a74679814,,0.6,individual,,,,2
0xa5b65d4a68c1c71aae3910199f4ab266f726afbf,,0.6,individual,,,,2
0xdb6e9e7390e9acc34619e56efa48ade01cff6f12,,0.6,individual,,,,2
0x13484ccded6b8da6d295dd7cac250fc958d1c129,,0.6,individual,,,,2
0xd9a5a717d17bd49d2d71565a8e3f238898bbbfe7,,0.6,individual,,,,2
0xab5a28b6ca2d1e12fe5acc7341352d5032b74438,,0.6,individual,,,,2
0x85220e6aa75238ba9c80353c6330ebee5142230e,,0.6,individual,,,,2
0xe418ee2df21ef818d20194113281d3f4300aead3,,0.6,individual,,,,2
0x5f65ee46f40de93c675ac4d4dd1886c0a02037b8,,0.6,individual,,,,2
0x08673fe53e44092f9a5a339545321e1e193467e0,,0.6,individual,,,,2
0x63f4cbbd88033c366507c3f6edf0ad64c32cb641,,0.6,individual,,,,2
0x25d2477f89fb29f6956c45d4dfda9d29eb187f4e,,0.6,individual,,,,2
0x0ab4a19ab20bd1dde51a5d302721fcc30f34094d,,0.6,individual,,,,2
0xf50623b782fb0c7cd3966b20f6ecb7d791a36ec6,,0.6,individual,,,,2
0xdd9bd62d1c08210fdda6f841ed5196b45a939625,,0.6,individual,,,,2
0x43911ee0012cdabf825d1ffe3a3e372c9d477618,,0.6,individual,,,,2
0xe28454f4571b28c272566dff97e5a679382c3fe3,,0.6,individual,,,,2
0x7b852ebc448b3638f971bac2c463db6578634f11,,0.6,individual,,,,2
0xbe3e182a711e0eb68d7a0de19dfa5fb2927c0d78,,0.6,individual,,,,2
0x8986f93988d415abfb7b9bb700ccd3580c2f5298,,0.6,individual,,,,2
0xef39769cb5c1195ac7005e7e7e707baa880b30d3,,0.6,individual,,,,2
0x7099c7d7fca074062a0fc593a35f788605bcad6e,,0.6,individual,,,,2
0xa52ad032a5099d04dc4eacc2655c1916285ef10c,,0.6,individual,,,,2
0x076f8f285458d8f082122166e54ce4e5fd3be4dc,,0.6,individual,,,,2
0x9a732577cd102ee30f4551e9cb5e3a6616fdca98,,0.6,individual,,,,2
0x2b2e894f08f1bf8c93a82297c347ebdc8717d99a,,0.6,individual,,,,2
0x06e4cb4f3ba9a2916b6384acbdeaa74daaf91550,,0.6,individual,,,,2
0x51b772d972424bfc358dd24a1662770bf0631059,,0.6,individual,,,,2
0x95db48cbfe79af3ea982eca5b9d78bc783fc06cc,,0.6,individual,,,,2
0x7bbb3ccb154fab0d6f3c258daad730ac4471696e,,0.6,individual,,,,2
0xfce053a5e461683454bf37ad66d20344c0e3f4c0,,0.6,individual,,,,2
0x9cc65c0560acdb03c4e7cef83e02fbe413920f98,,0.6,individual,,,,2
0x12382144173ac9bd823201c7a61127bfedda3040,,0.6,individual,,,,2
0x5e90387025235d07576f80c76b3e57ec96547ec4,,0.6,individual,,,,2
0x5c430ff6f374da12218b380d2040299ae5b6d40e,,0.6,individual,,,,2
0x8a9fbbcc20fb93848c0d07ceb8a6abe896f48396,,0.6,individual,,,,2
0x67e254c61b3fc5f5ed92f3004063b21cd0b46b6b,,0.6,individual,,,,2
0x42dc91caa486a1cbf921a8009404a590414285a3,,0.6,individual,,,,2
0x3953d0c62d960e25ccb588a7402f01c9ae84a6ea,,0.6,individual,,,,3
0x08d92207a07e0789cfcf19413123c3eb919d3480,,0.6,individual,,,,3
0xe4897463c9486f49503bc75e86542c21472a8a75,,0.6,individual,,,,3
0x293d14c72452bf619581a355bbfec76c767d71a0,,0.6,individual,,,,3
0xf9c342c85495ab28e5aeb875a8c53f4904556570,,0.6,individual,,,,3
0x90013e5fdd23ef161fb4154cfb239cb2a904b53b,,0.6,individual,,,,3
0x4520d804a7b094a28ace0fc77a5b8baf0afa702c,,0.6,individual,,,,3
0x9fdc62037b2086a7f8a03033c080c632aaaecafe,,0.6,individual,,,,3
0x85b5bef6d57ed80cd2dcce9061e44ff6fae55d31,,0.6,protocol,,,,3
0xd6f1037a1c3116fcf2f25ea6994e5044de252c24,,0.6,individual,,,,3
0x3207363359ca0c11d11073ad48301e8c958b7910,,0.6,individual,,,,3
0x7e9c9a4a0b409a52a26d2fbc8a17653ae8327daa,,0.6,individual,,,,3
0xab59403c721eaa64a850474e63919573c0f0b767,,0.6,individual,,,,3
0x0f9744569e57e88e10a7f66a3900e16ede476675,,0.6,individual,,,,3
0x4d43aadee75419a4535400dee43690b5fe8c64e9,,0.6,individual,,,,3
0xefe7e52a3dc060a6e1d08a9486fe550ff369e464,,0.6,individual,,,,3
0xb9982860b1ab88f14fe6f8394d51a3a88c0c90c3,,0.6,individual,,,,3
0x6adc88a83d1dfbe730d1e4c0fb101339139b19fb,,0.6,individual,,,,3
0xc574566c67b3f1b161eb823adab4efbc19f1d6ed,,0.6,individual,,,,3
0x1eeca7dbe03b7d15dfc0e9798789c6714d52e54b,,0.6,individual,,,,3
0xa88bc9d5129b83be2c6f1282eda55058f6e32ad4,,0.6,individual,,,,3
0x387f7dacab0560440543105f1a6d0fa7a0632035,,0.6,individual,,,,3
0x295e5ee985246cfd09b615f8706854600084c529,,0.6,individual,,,,3
0x94cb486eb43ba23159a7debac920b0fa7cb476fa,,0.6,individual,,,,2
0xc9db4e8d3d940c16b800d433d168d2f651025642,,0.6,individual,,,,3
0xe6d0ca9844f4c079e6e732f396ef3b9f98a2dac8,,0.6,individual,,,,3
0x7f20e66199c7b261db54439e0d4bbbbea34b9247,,0.6,individual,,,,3
0xba318553753d2f8a2f4a28cfeb3aa8b90ebb845d,,0.6,individual,,,,3
0x6559eb070ec5f3b6cd278f5d43433bee724b55bb,,0.6,individual,,,,3
0x65b0bf8ee4947edd2a500d74e50a3d757dc79de0,Nexo,0.6,individual,,,,3
0x908921e18aa3d988fdae15a4dd2bdbdf6e5cc30c,,0.6,individual,,,,3
0x7902d79ada34e3cb32a3faa5496334a004589925,,0.6,individual,,,,3
0xfd595c310de371a66e7701fb4e7b250c924c7907,,0.6,individual,,,,3
0xe094a22330b1eb7d69bb6342a63c59c07c1a5b4c,,0.6,individual,,,,3
0xac921445501363283bb53fd28ca2b3c0bb67452f,,0.6,individual,,,,2
0xcf68f8f5041a2757bdc7e7cab1b342189a1803c6,,0.6,individual,,,,2
0x8d09e2036595d150eb004cdbbb27a8cddcbe2e0d,sushiswap,0.6,individual,,,,2
0xf93457533efd041d2a5200a82cca718fcdc42103,,0.6,individual,,,,2
0xb93ec153bf3a0ef602052c04fc5f589625d67300,,0.6,individual,,,,2
0x88dd31594d8653c30c41c63a6d9f17d3be328a05,,0.6,individual,,,,2
0x7d2620bc8ad1749f98f1c269e73527f88a74cf00,,0.6,individual,,,,2
0x6142eb927529974c5cded66dafc57cb5aaaf73ab,,0.6,protocol,,,,2
0xd58c41211b00bc4f34bbe546ff2fa909250a1477,,0.6,individual,,,,2
0xd46934040a33b002916cb44e7c0a8f7bbd908cbb,,0.6,individual,,,,2
0xf6d3bbe19084a0e6dd7a534bd7716661864ca613,,0.6,individual,,,,2
0xa028bef2835cab01d39dc3ff34abc46a2f665bb4,,0.6,individual,,,,2
0xd17a0636b762ef4570359bb9a41e60c1f8540bf5,,0.6,individual,,,,2
0x015cc48cc8bc37d80aaff4e43061dbaf94192308,,0.6,individual,,,,2
0xc91f493d7ded10623e356a52455dbb715f51b3c6,,0.6,individual,,,,2
0xbab7811cd82598124e21632cc561b4826173e6f2,,0.6,individual,,,,2
0x8c0b334ca809c3e4c58701d4238a6ed4132febee,,0.6,individual,,,,2
0x28693a2c8991157a31f57616f91afe3fa6055411,,0.6,individual,,,,2
0x11dbf181dd5c075c2abd92cb9579c4809406b5be,Staking: Coinbase,0.6,individual,,,,2
0x5c2c1aa8cebdeb2225e93481f93469ac8e1d210f,,0.6,individual,,,,2
0x9d8f9295268674332a108ed7d2f537413fc8b9ea,,0.6,individual,,,,2
0xb32d274e3cd9d83af150f3b361786abc02f0dd52,,0.6,individual,,,,2
0x99f4176ee457afedffcb1839c7ab7a030a5e4a92,,0.6,individual,,,,2
0x34d1231f15da58762a84ead35242896e7fec4ac1,,0.6,individual,,,,2
0xf7bcd7bb00f4d081775fedef64e92017a10d4b25,,0.6,individual,,,,2
0x1cac5f5733eaa98b64500eeb79891e5cb2cd46a1,,0.6,individual,,,,2
0x8fb388696010edc0c5d574b2f25b9629724acfe8,,0.6,individual,,,,2
0x99e7a28793de26a45db79dcd142e926e5d6ebd4f,,0.6,individual,,,,2
0x42a49dcf7902c6b7938a00cdbe62a112a2b539e8,,0.6,individual,,,,2
0xb7a2fd4f910ea8a92866125a3c50a1e6178f8d9c,sushiswap,0.6,fund,,,,2
0xc3fe8b63ea05e8e27b3f3358d646915d7ed931e4,,0.6,individual,,,,2
0x08666825b5093c95a91692239a320182a47cfb08,,0.6,fund,,,,5
0x0b43b7d79d361c87a9ffefe105e37bbff7f9eafb,,0.6,individual,,,,2
0xf744f66621df59861fe621444e473b595bb83ad4,,0.6,individual,,,,2
0xba479d5585ecec47edc2a571da430a40f43c3851,,0.6,individual,,,,2
0x372cae7fa19b81a9786a9081704ea1e2dad576b7,,0.6,individual,,,,2
0xdc3abf85e090528669cf1b44ef4082b269c21a95,,0.6,individual,,,,2
0xdd050c0950cb996230519f928680ea3d7537eca7,,0.6,individual,,,,2
0x2bd7d71390ed6946159b1cb49bc270cbe3ef1a53,,0.6,individual,,,,2
0xb267bbd1c3b0ceafd7e240b192d56c94353b9cfc,,0.6,individual,,,,2
0x4b5d2c264220fa0b30d6579eda16da9e838fa6d4,,0.6,individual,,,,2
0x87e249e20bc918ba301aacbb9677100d2ad5fd0d,,0.6,individual,,,,2
0xc11870674d97e2aca91f57a519af0eec38c03976,,0.6,individual,,,,2
0xa740c1d26d690a34223b06d41b1268b2d0d7b5b6,,0.6,individual,,,,2
0x9a6c741c95a138e6de1f3464a0ab6166926abfaa,,0.6,individual,,,,2
0xae5a33bddc2944f372142a84cd5c4f78c990ee78,,0.6,individual,,,,2
0xbb101b9ac239851842e9758266de36d47b790308,,0.6,individual,,,,2
0x4c232fdbe114a597531ff29bc79c72faa0698a55,Celsius Network,0.6,individual,,,,2
0xd748e34fd7f4c673a46517f6a7b32284f1c9c453,,0.6,individual,,,,2
0x5289e38ad6666475fee12521626f6ec2bfdb2ae5,,0.6,individual,,,,2
0x502d222e8e4daef69032f55f0c1a999effd78fb3,,0.6,individual,,,,2
0x2269ce2753e2967dd5322a56188c3d24435b3588,,0.6,individual,,,,2
0x7b6520b6a7500ae011faa035337a07c8ec3135ec,,0.6,individual,,,,2
0x78223608421009f6bf0a22341a00b22e926d17fd,,0.6,individual,,,,2
0x09a199099ceee2da7b1da1afd3031c3d40f01b00,,0.6,individual,,,,2
0x8cb04249117d37fb42f3c805c1a60cfe801a0f6e,,0.6,individual,,,,2
0x0daf132c5554fd7d5eb422585426af557d8847e0,,0.6,individual,,,,2
0x033c208a1626b78e8258ad3e8ee0e6d923cbe709,,0.6,individual,,,,2
0x784a76cb0565bf535cc5799b3642d00116e18915,,0.6,individual,,,,2
0xc89657cc18c66ffc01d758ed42e61f28c6be43aa,,0.6,individual,,,,2
0xebb4ee6fe7a3cb6c207e62d46a6519e1878c5855,,0.6,individual,,,,2
0xf6fd12fbf8bbe0e08ac739c3634cd1cb21acf5e9,,0.6,individual,,,,2
0x97b250c04daf4079e0d0d1360e7c070ff0828929,,0.6,individual,,,,2
0xdb802c7c6b7cc1c0e8474bb7eb80bbc569763de5,,0.6,individual,,,,2
0x3c67eddfb4b5f737c236ad7dfad724fa35862cea,,0.6,individual,,,,2
0x873b5c269ef6897310c6e3fb989b58cfd9761145,,0.6,individual,,,,2
0x5732b9f8c80a8fa48879bbfd0f51344e94fc532c,,0.6,individual,,,,2
0x78cca58ceeebf201555a3c0f3daeb55d1f1ca564,,0.6,individual,,,,2
0xd383165100047d9b3691eebcbb490f481f6ada2c,,0.6,individual,,,,2
0x9ffe77146cc1da3edb87af163c6c32bab474b464,,0.6,individual,,,,2
0x0685279840527e5c6fb73f7b3b4aaab8db5141cf,,0.6,bot,Contract,,,3
0x909b443761bbd7fbb876ecde71a37e1433f6af6f,,0.6,individual,,,,2
0xd31ab5ab8cd0f482f5728888519b5c39b5a4a6a0,,0.6,individual,,,,2
0xb3f0c00b0fc69baab5f9318b61a7b67f412a4b8b,,0.6,individual,,,,2
0x7ee29373f075ee1d83b1b93b4fe94ae242df5178,,0.6,bot,Contract,,,3
0x6ece8a1cd8ce927a69b023cbac2b0cf5636cca3a,Trend Research (Jack Yi / LD Capital),0.6,individual,,,,2
0xa923b13270f8622b5d5960634200dc4302b7611e,,0.6,bot,Contract,,,3
0xb561b1e79e448bc3a7ac4dc377eeecbc99505f60,,0.6,individual,,,,2
0x1fcc47ee0f19ca0f07f8b987f0ad32ac204c03a7,,0.6,individual,,,,2
0xa2e3d7e8bbcbeac6d07cfc972b3bee6d1e2b2c24,,0.6,individual,,,,2
0xd4584bf988c9e8994688b56484e2f74ceaeefb20,,0.6,individual,,,,2
0x3edc842766cb19644f7181709a243e523be29c4c,,0.6,bot,Contract,,,3
0x6cf9aa65ebad7028536e353393630e2340ca6049,SwissBorg,0.6,individual,,,,2
0x81d0ac9a5f91188074fd753a03885162bec74246,Trend Research (Jack Yi / LD Capital),0.6,individual,,,,2
0x531e08e19e54ea655822d62f160e27af727b6e9f,Trend Research (Jack Yi / LD Capital),0.6,individual,,,,2
0x9d783e9b0b19cc1bf4f6bf36169fc004ce8fa9d0,Trend Research (Jack Yi / LD Capital),0.6,fund,,,,2
0x90d443b372b2a1212dda03c9b56c4e622688e981,Trend Research (Jack Yi / LD Capital),0.6,fund,,,,2
0x9b4772e59385ec732bccb06018e318b7b3477459,,0.6,individual,,,,2
0x99926ab8e1b589500ae87977632f13cf7f70f242,0x9992 Whale (Lookonchain tracked),0.6,individual,,,,2
0xe051fb91ec09eefb77e7f7a599291bf921eb504d,,0.6,individual,,,,2
0x517ce9b6d1fcffd29805c3e19b295247fcd94aef,FalconX Client,0.6,fund,,,,2
0xeb2a1125f1e14822d0708464b795baad6b9038ce,Trend Research (Jack Yi / LD Capital),0.6,fund,,,,2
0xc6badce2f5e10db90d74dbe023768259ec4699c7,Staking: thomasg.eth,0.5930735080645161,unknown,,,2,3
0x3808ed452be1e6b81f18315b413e1860e68e0994,,0.591025641025641,fund,,,,4
0x48558549c4300ae5c6d352070ee698a2b403e986,,0.591025641025641,fund,,,,4
0x53db19930bb0a817cb633248401fe0c1e6f38b04,,0.591025641025641,fund,,,,4
0x4b166e7f697ac01b5466caf94f5299e5fbae9400,,0.591025641025641,fund,,,,4
0xe71803deea7a37f38e29c04e15b0a432416f0204,,0.591025641025641,fund,,,,4
0x687f584fd1f4a4d9eb277c03a24fe28f4b0675b7,,0.591025641025641,fund,,,,4
0x51523b0d2da820f204bb5b2c08a17992179619c3,,0.591025641025641,fund,,,,4
0x858b71e1d6e421fee400994bfd918da26dfd33af,,0.591025641025641,fund,,,,4
0x22ca2cc0ddffe1fa7f039ad65b5adeca48f9a490,,0.591025641025641,fund,,,,4
0xc5b2359fe6b4a7118b67b116069ca2e7cf3ccc27,,0.591025641025641,fund,,,,4
0x65859153491f44e2226ca6ae37347c855158a4fb,,0.591025641025641,fund,,,,4
0xbccbc9fc2d1d9e9abd0ca132be816bd4f6051b86,,0.591025641025641,fund,,,,4
0x69383d51f21364723135303ab53c906b884ac04a,,0.591025641025641,fund,,,,4
0x0514f2f3e0277c47117e3f33d9390efb0acfbdfe,,0.591025641025641,fund,,,,4
0x3f1647d33707830e088e9cb6aa791017a1dfdf84,,0.591025641025641,fund,,,,4
0x3eaecbcb69e8015619060bf234c802723079bdc1,,0.591025641025641,fund,,,,4
0xa5704b9aa25e8945f581b8a85a7f9122a55bbc15,,0.591025641025641,fund,,,,4
0x67b878c9eb0cca9694c8ec0b007af53b34a86256,,0.591025641025641,fund,,,,4
0x3f75c3932603a8ba54ad81277313d19c22635ff9,,0.591025641025641,fund,,,,4
0x74da0f7a51d47d498fcb8e91114b4c2509b13c71,,0.591025641025641,fund,,,,5
0xc3931abf1a6d455a00a382d2088fe2dffef1fb9b,,0.591025641025641,fund,,,,5
0x84ddb302391f931b967f7e897dab9349974e2228,,0.591025641025641,fund,,,,5
0x50b82f42d51d875b1bfdd946ad27aee2a6b1ab41,,0.591025641025641,fund,,,,5
0xaa643c73d54d8c9f9dfdc50250a78a89fc044ab0,,0.591025641025641,fund,,,,5
0xa1a2401268b976cb46c35550f2b2428908dd53cb,,0.591025641025641,fund,,,,5
0x4248a5bfcf77e9a6e9f6a35a269d79dfb0f7eeff,,0.591025641025641,fund,,,,5
0x2d15793a1edc156d3c001ceee340921e52125101,,0.591025641025641,fund,,,,5
0xbf3401cee68f45d1963407076c119f1b3867bee8,,0.591025641025641,fund,,,,5
0xe4678ba2b1f5d959ac06731690f210c1b4551ad4,,0.591025641025641,fund,,,,4
0x29b4002507220fad2e80a616ca83f28b97fc5738,,0.591025641025641,fund,,,,4
0x83d3d5c1e551a0a5c8a10e7f44cee2e54cd345ea,,0.591025641025641,fund,,,,4
0x62a99498ca1dcc2cd8341e95a113601b9b003d42,,0.591025641025641,fund,,,,4
0xce344e5ad5bab578601cbf8ad103506588d38455,,0.591025641025641,fund,,,,4
0xaa43c5a5a62c7db0ee87d311dc66f419f6360c05,,0.591025641025641,fund,,,,4
0xdd38127788f0247ca387717f9e5ba3ce66685b7a,,0.591025641025641,fund,,,,4
0x5b5b7ebb201b6f1cd964e85dbb50ff8268f5c5d0,,0.591025641025641,fund,,,,4
0x560e7d29af5c5e815d437f9fa4ac812e46783f1d,,0.591025641025641,fund,,,,4
0x3fa2e9dbb4d4a2aa618b1d0ee15814d386a8aa22,,0.591025641025641,fund,,,,4
0x0fe15b65136ab92a3f9ce83cceb9e0663f1efaa6,,0.591025641025641,fund,,,,4
0x10098de28ba6928186954fcc18ad919040600af3,,0.591025641025641,fund,,,,4
0xa827da72c022d6a5c1fa64dc37a0051af6912a4a,,0.591025641025641,fund,,,,4
0x0f3c2476fbf0ed09dff00ea7f4ef252dcc72e6f1,,0.591025641025641,fund,,,,4
0x8c96fcb2f061ee180b1bf967b93874919a8509f6,,0.591025641025641,fund,,,,4
0xfad075025424f08e06037a9b18dc5f9941021053,,0.591025641025641,fund,,,,4
0xd72626b46c6a94808365c0803f92903db87aa83c,,0.591025641025641,fund,,,,4
0xbebcf4b70935f029697f39f66f4e5cea315128c3,Institutional Fund (Gemini/Binance) (propagated),0.5865000000000001,unknown,,,,43
0x82287cdda3d1b5d26d49ce03280d07b86d54fe54,Institutional Fund (Gemini/Binance) (propagated),0.5865000000000001,unknown,,,,26
0x9cbf099ff424979439dfba03f00b5961784c06ce,Institutional Fund (Gemini/Binance) (propagated),0.5865000000000001,unknown,,,,26
0xc88f7057d7bd54d80d2110b6e271e0f52f5eab39,Asia-Pacific DeFi Fund (UTC+6) (propagated),0.5831,unknown,,,,351
0x920eefbcf1f5756109952e6ff6da1cab950c64d7,Asia-Pacific DeFi Fund (UTC+6) (propagated),0.5831,unknown,,,,376
0xb8c703ed075190c8167c7134c03c1d36ea583d12,Asia-Pacific DeFi Fund (UTC+6) (propagated),0.57715,unknown,,,,523
0x86af94e5e8d3d583575bbafdd2dcb6b898a555e4,Asia-Pacific DeFi Fund (UTC+7) (propagated),0.57715,unknown,,,,18
0x3b3bdaa4462851621818d2cebc835e077587147a,few.com (change_address linked) (propagated),0.5737500000000001,unknown,,,,5
0x926e78b8df67e129011750dd7b975f8e50d3d7ad,Multi-Regional DeFi Fund (S.America + Europe) (propagated),0.5737500000000001,unknown,,,,22
0xaf9b98d2acde5f13eaeaeb0101273cdfa86dcc95,few.com (change_address linked) (propagated),0.5737500000000001,unknown,,,,219
0x78e96be52e38b3fc3445a2ed34a6e586ffab9631,Asia-Pacific VC/Investment Fund (propagated),0.5737500000000001,unknown,,,,29
0x50fc9731dace42caa45d166bff404bbb7464bf21,Flash Loan/MEV Bot,0.57375,unknown,,,,18
0xc3623ab16de256bf11855f884fdffd6f971c5fb7,MEV Bot (Titan/MEV Builder),0.57375,unknown,,,34,3
0x5814fc20f0e09114503569ed6b27a4a86c9f8de4,MEV Bot (Titan/MEV Builder),0.57375,unknown,,,34,17
0xa9f86d9eaf339305cd36e76bc0de7ac5b024f075,few.com (change_address linked) (propagated),0.5676682500000002,unknown,,,4,500
0x892745942a4f2c9a0d92f461c89f97818d8df140,È°∂Á∫ß‰∫§ÊòìÂëò.eth,0.5670000000000001,unknown,,,29,3
0x01f78f128f09034744d2847cc8d5939719285527,European Institutional Fund (UTC+1) (propagated),0.554625,unknown,,,,309
0x08889e4ed070ad92545679d26cffe9ef837802b1,Asia-Pacific VC/Investment Fund (propagated),0.5524150000000001,unknown,,,,232
0x9c07627d108455985fbcc15863e15c0b07be9226,Asia-Pacific VC/Investment Fund (propagated),0.5524150000000001,unknown,,,,584
0xe413e8543b2c2818ac54306810cebc48266392f2,Asia-Pacific VC/Investment Fund (propagated),0.5524150000000001,unknown,,,,464
0x24d5c7337b70f3702bf0e770401822c9d95beae6,few.com (change_address linked) (propagated),0.5508000000000001,unknown,,,,262
0x8af700ba7bde80b5e5e5e9b5f5b8e6c2f5a5e5a5,Eastern European DeFi Fund,0.55,fund,,,,1
0xf42bcfd3dd5fcdd984d24fd2787383195c7f2b51,few.com (change_address linked),0.55,unknown,,,,149
0x815c8d0ca4227180119664b5ed2df11b7858a2f1,FTX User,0.55,individual,,,,9
0xd48573cda0fed7144f2455c5270ffa16be389d04,Poloniex User,0.55,individual,,,,67
0xa976ea51b9ba3232706af125a92e32788dc08ddc,OG DeFi Whale (2021),0.55,individual,,,,3
0xd93814273b33dd33b32cd345225cfb65deb048dd,Binance User,0.55,individual,,,,247
0xccee77e74c4466df0da0ec85f2d3505956fd6fa7,FTX User,0.55,individual,,,,109
0x1f99aaa8b4fb631d25b38b8a9099ef8f2611e46b,FTX User,0.55,individual,,,,5
0x59a661f1c909ca13ba3e9114bfdd81e5a420705d,Binance User,0.55,individual,,,,36
0xaaf9f14f20145ad50db369e52b2793bfeb18a45b,Binance User,0.55,individual,,,,16
0x8c5cb83b823448e2369b54acb30f31203bef37a7,few.com (change_address linked) (propagated),0.5487459750000001,unknown,,,,257
0x4444ee1efbcfc7716754d4df119a1dbbe29934b3,Central Asian DeFi Fund (UTC+5) (propagated),0.54145,unknown,,,,53
0x7bee8d37fba61a6251a08b957d502c56e2a50fab,Atlantic/Brazil DeFi Fund (UTC-2) (propagated),0.535925,unknown,,,,250
0x438403a3ba8815d1707145d8052820d56f0c8240,Asia-Pacific DeFi Fund (UTC+6) (propagated),0.51765,unknown,,,,37
0xdf2609ec3d2e07a79d2e25e52960e75250bd9aaa,Asia-Pacific VC/Investment Fund (propagated),0.51119,unknown,,,,169
0xb282081b2681ba4eb2899c2722eeef0a98515b98,Institutional Fund (Gemini/Binance) (propagated),0.5031114300000001,unknown,,,,16
0x6c2a355929ee1262305e385ad49b84fe5f5a4777,Unknown Asia-Pacific Trader,0.5,individual,,,,5
0x4353e2df4e3444e97e20b2bda165bdd9a23913ab,Central Asian DeFi Fund (UTC+5) (propagated),0.4972500000000001,unknown,,,,32
0x2c4fb358eadfe01184451a74bd0a3812e3da1c08,Atlantic Region DeFi Fund (UTC-2) (propagated),0.4972500000000001,unknown,,,,122
0x488b99c4a94bb0027791e8e0eeb421187ec9a487,Institutional Fund (Gemini/Binance) (propagated),0.4885545000000001,unknown,,,,26
0x2178e1d614fefb2b304db58f07116d89f948fda1,Institutional Fund (Gemini/Binance) (propagated),0.4885545000000001,unknown,,,,37
0x17080b589cdcbd10ebeaa24cb0096f4bb29eb52b,Asia-Pacific VC/Investment Fund (propagated),0.48356925000000006,unknown,,,,17
0x51e49ce1f4ace38ac815cfe2cef14397cd9932fb,Atlantic Region DeFi Fund (UTC-2) (propagated),0.4806750000000001,unknown,,,,105
0xd0ed2d0b2b136f0dfeefc1387dc52ef5d2293dae,Americas DeFi Fund (UTC-6) (propagated),0.4806750000000001,unknown,,,,14
0x37829fe9b8e67b8267c2058b9459f524b9e3ca5d,Atlantic/Brazil DeFi Fund (UTC-2) (propagated),0.4806750000000001,unknown,,,,93
0x208b82b04449cd51803fae4b1561450ba13d9510,Asia-Pacific VC/Investment Fund (propagated),0.478125,unknown,,,,18
0x815f5bb257e88b67216a344c7c83a3ea4ee74748,few.com (change_address linked) (propagated),0.47286765225000016,unknown,,,,95
0x40e93a52f6af9fcd3b476aedadd7feabd9f7aba8,European Institutional Fund (UTC+1) (propagated),0.459,unknown,,,,35
0x5b30506175844cc91eddc6d66fdca6bc75758882,Binance User (propagated),0.45815,unknown,,,,29
0xe5350e927b904fdb4d2af55c566e269bb3df1941,Asia-Pacific VC/Investment Fund (propagated),0.45728831250000007,unknown,,,,12
0x597568694fe6ee1b701ec8578bd57102c9a29abd,Asia-Pacific VC/Investment Fund (propagated),0.45728831250000007,unknown,,,,17
0x2326d4fb2737666dda96bd6314e3d4418246cfe8,Asia-Pacific VC/Investment Fund (propagated),0.45728831250000007,unknown,,,,17
0xabde2f02fe84e083e1920471b54c3612456365ef,few.com (change_address linked) (propagated),0.4541346000000001,unknown,,,,50
0x94def848159b30605afe0c1d1ac43d6d588b940a,Atlantic/Brazil DeFi Fund (UTC-2) (propagated),0.45102785,unknown,,,,7
0x7c697d6cff279f3f9c2401d0ea2ac7e7ede0e2c3,Atlantic/Brazil DeFi Fund (UTC-2) (propagated),0.45102785,unknown,,,,23
0x64b6ebe0a55244f09dfb1e46fe59b74ab94f8be1,Institutional Fund (Gemini/Binance) (propagated),0.44574000000000014,unknown,,,,18
0x739adc03a7d8cea2f0a64d9622a5c346cb0ca1eb,Institutional Fund (Gemini/Binance) (propagated),0.43371675000000015,unknown,,,,18
0xee7ca610d896c53ffe716b801c05748efd902954,Institutional Fund (Gemini/Binance) (propagated),0.43371675000000015,unknown,,,,23
0x81ebde24453b8e40454616579ea79c79a197699d,Asia-Pacific DeFi Fund (UTC+6) (propagated),0.43120245,unknown,,,,49
0xb4d3bea9d824c4dd7ded7ccc93e6212e3f0b186a,Asia-Pacific DeFi Fund (UTC+6) (propagated),0.43120245,unknown,,,,67
0xaa1582084c4f588ef9be86f5ea1a919f86a3ee57,Institutional Fund (Gemini/Binance) (propagated),0.4279104000000001,unknown,,,,12
0xbc79855178842fdba0c353494895deef509e26bb,Asia-Pacific VC/Investment Fund (propagated),0.4247052061875001,unknown,,,,11
0xaf184b4cbc73a9ca2f51c4a4d80ed67a2578e9f4,Binance User (propagated),0.42075000000000007,unknown,,,,24
0x22fa8cc33a42320385cbd3690ed60a021891cb32,Asia-Pacific VC/Investment Fund (propagated),0.41453437500000007,unknown,,,,16
0x53f4ec44c6786c4b15945b4321ac23e9eaab597c,Central Asian DeFi Fund (UTC+5) (propagated),0.41437500000000005,unknown,,,,32
0x058bbff7be9d3cb50cdb9e6f6929f023f2763b98,Atlantic/Brazil DeFi Fund (UTC-2) (propagated),0.41420925,unknown,,,,5
0x93853a2a05d01e3e64a3c18e1cd413b376215c1b,Poloniex User (propagated),0.40672500000000006,unknown,,,,27
0xfe99cc4664a939f826dbeb545c1aad4c89ee737a,Binance User (propagated),0.40672500000000006,unknown,,,,18
0x7f67f6a09bcb2159b094b64b4acc53d5193aea2e,Atlantic/Brazil DeFi Fund (UTC-2) (propagated),0.400402275,unknown,,,,5
0x448efbc5c52ac8add9ae4ba82e1b46c5ae863814,Unknown Entity (cluster_0),0.4,individual,,,,3
0xafffbdb99f922568d1ecc5b59f82220e325ca7bd,Unknown Entity (cluster_2),0.4,individual,,,,3
0xd4307ff6987947bf9a5398927a38ce7b79f4bcd8,Unknown Entity (cluster_5),0.4,individual,,,,3
0x457c3dc0323a7736b69a483dcadd4b44cdc1d380,Unknown Entity (cluster_1),0.4,individual,,,,3
0x2102a31cbd1250f6be28f35eae0d0ab1e7c5c023,Unknown Entity (cluster_10),0.4,individual,,,,4
0xe3efe389b8a40dbc16a92e88c34534ddf82d8be4,Unknown Entity (cluster_10),0.4,individual,,,,4
0x4093f559f38c4c87c280d64c85396f649c0d9987,Unknown Entity (cluster_1),0.4,individual,,,,3
0x26c212f06675a0149909030d15dc46daee9a1f8a,Unknown Entity (cluster_5),0.4,individual,,,,3
0x1cebd13797636b94c5cad7108cebe42d2fce7732,Unknown Entity (cluster_2),0.4,bot,Contract,,,4
0xe84a061897afc2e7ff5fb7e3686717c528617487,Unknown Entity (cluster_1),0.4,unknown,Contract,,,8
0xe40d278afd00e6187db21ff8c96d572359ef03bf,Unknown Entity (cluster_0),0.4,unknown,,,,104
0xdb7030beb1c07668aa49ea32fbe0282fe8e9d12f,Americas DeFi Fund (UTC-6) (propagated),0.39780000000000004,unknown,,,,9
0xe5379345675132653bd303030c6e456034ed1961,Central Asian DeFi Fund (UTC+5) (propagated),0.3803962500000001,unknown,,,,11
0xefad748654ec2c072b8735c010ae2fdea04aaf7d,Atlantic/Brazil DeFi Fund (UTC-2) (propagated),0.37570619904999997,unknown,,,,5
0x931433324e6b0b5b04e3460ef3fb3f78dda3c721,Atlantic/Brazil DeFi Fund (UTC-2) (propagated),0.37570619904999997,unknown,,,,7
0x5cfd0cddf989959a6a6c3ad985ce324460d46dfd,Asia-Pacific DeFi Fund (UTC+7) (propagated),0.35189859941250007,unknown,,,,8
0x701bd63938518d7db7e0f00945110c80c67df532,Multi-Regional DeFi Fund (S.America + Europe) (propagated),0.3511350000000001,unknown,,,,10
0x08b6470e62235947b766ac63f584a52d25cb14e6,few.com (change_address linked) (propagated),0.35113500000000003,unknown,,,,5
0x8af700ba841f30e0a3fcb0ee4c4a9d223e1efa05,Binance User (propagated),0.3506250000000001,unknown,,,,12
0x6859da14835424957a1e6b397d8026b1d9ff7e1e,,0.0,unknown,,,,0
0x266bf5edb37c45cecab12907f7f8983de674fd7a,,0.0,unknown,,,,0
0x6f7318bed78d2f04bab3727fb2a5cb0d8294ead8,,0.0,unknown,,,,0
0x5add41117904443b0244fec3bcf806bb57b6e942,,0.0,unknown,,,,0
0x88b5642152d367d8302997ae472a5d57a907dd1d,,0.0,unknown,,,,1
0x4862733b5fddfd35f35ea8ccf08f5045e57388b3,,0.0,unknown,,,,1
0x3a9be12ab20ef966f35325763c21eaa764d639c3,,0.0,unknown,,,,1
0x528660db9567423014dba8ac4b6b9307aeaad356,,0.0,unknown,,,,1
0x21816fd5208ad15cb4e9601f935aca7fccf984fd,,0.0,unknown,,,,1
0xd65bfd55fcfa2edb132318944382835e8736e6fd,,0.0,unknown,,,,1
0x06427fa01092d433d0debd9cac92e9ba9b1a5480,,0.0,unknown,,,,1
0xf353a23dd4baf102dc47f6b7fa85a83987496948,,0.0,unknown,,,,1
0x41c769b6e07c1012b28d87475086db5421b3f8f3,,0.0,unknown,,,,1
0xe5af78fa1529330f1b65b65524c7bc6c2ab52088,,0.0,unknown,,,,1
0xea02817dd03eea94a58485890c89d441f822eb21,,0.0,unknown,,,,1
0xab6c0dd177ed98b4f9cb5313bdd462967fcdfa6f,,0.0,unknown,,,,1
0xca31c12fe129b3feba944cba1e2c1c02f0dc596b,,0.0,unknown,,,,1
0x442f7d4b9ac6563675260d05757c6c707da9044a,,0.0,unknown,,,,1
0x0c883bacaf927076c702fd580505275be44fb63e,,0.0,unknown,,,,6
0xf35a711fea733c23f409c6f8e72b8ecd640758ea,,0.0,unknown,,,,6
0x4789a334dc66b03b2a3d554a86cfd3959e88ab48,,0.0,unknown,,,,6
0xe0ef6f6fd0732810b2d5d747bdc5ca1b3cf19865,,0.0,unknown,,,,6
0x39d787fdf7384597c7208644dbb6fda1cca4ebdf,,0.0,unknown,,,,8
0xc2d3398877b58c55fc69c9d5396cb5ac67300706,,0.0,unknown,,,,6
0x9f07dc88dc450978e5ddf973f6a0236a7cfbf99a,,0.0,unknown,,,,8
0x41bc7d0687e6cea57fa26da78379dfdc5627c56d,,0.0,unknown,,,,8
0x141f59a0283303a6b882b4d6973e418f8d75f9b3,,0.0,unknown,,,,7
0xa509ce524095e54233074b485825ebb9641d00e2,,0.0,unknown,,,,6
0xbd32ab736f4db0a1b0a8454946cf956cd0254656,,0.0,unknown,,,,6
0xf47841f562689ad85363b41c235d61136c0ccf26,,0.0,unknown,,,,6
0xae1cfb433cec0740c40320d82b28ecb1caa4a1e7,,0.0,unknown,,,,6
0xbc0c33fff2888a499a519a641a91f9d7dd270b71,,0.0,unknown,,,,8
0xbcd421777df026978889274b98a3bef4cb2c779c,,0.0,unknown,,,,6
0xcfc5ad80a2d19652c253fe098e787da8913b96c5,,0.0,unknown,,,,6
0x731cf08ca9442b1e59080c41002f15ceb32fd8eb,,0.0,unknown,,,,6
0xf6123c482f3c5b1bbfc2272a8cd117939d1a6acb,,0.0,unknown,,,,6
0x8579e8ae97113d3e3973348c4f50fe9f400faf46,,0.0,unknown,,,,6
0xb7f1ea585d7bf0f04941a29a03465cb74844c0cb,,0.0,unknown,,,,6
0xb688d24a1ea914b0f95d72b3d5ec347ef50e9cbd,,0.0,unknown,,,,6
0xf5bce02e24313618ed2e8318dee2b86bf53cd53c,,0.0,unknown,,,,7
0xc94680947cf2114ec8ee43725898eaa7269a98c5,,0.0,unknown,,,,6
0x6ddf1f5e106a274d311147fed969c1ffba05f809,,0.0,unknown,,,,7
0xc5abab4cd7d844761e90cde1bd4d7ea0b4069882,,0.0,unknown,,,,6
0xbe8dce3e74b225180bc2e3d1290ab6997e810df8,,0.0,unknown,,,,6
0xdb29ec3fb265a03943bfedbdf4ee9d9867b368e8,,0.0,unknown,,,,6
0x58c0a5f11469ea49ad1bf0ad0d25a5cae582dd0a,,0.0,unknown,,,,8
0x3271a213e0c97f6682ef4ae1701315cea8df5c71,,0.0,unknown,,,,7
0x2a0000710f8c53f71d083db2e6e72f3caa2ac30e,,0.0,unknown,,,,6
0xd4f24489c090f2d5f31a3e80a65e69e6807e1749,,0.0,unknown,,,,6
0x41fa28ca6d17aef97d641aa230e57243b10afcd4,,0.0,unknown,,,,6
0x61132bd68deb1e37ea529b8b0850695a1924ab53,,0.0,unknown,,,,6
0xc6af88dd0cd44e6abb2564dd8e96bef465e4b952,,0.0,unknown,,,,6
0xc590e25afb8d871b227b4f1d22eee2214ac0bf06,,0.0,unknown,,,,6
0x4c6d6207527fcd75521a35519371c56a3841c73d,,0.0,unknown,,,,6
0xcdaecabb2c5f1f9d2b5c9efa6f559654d0d06603,,0.0,unknown,,,,6
0x69e9db93500000965a0bc97afc973bfd221034e9,,0.0,unknown,,,,6
0x720a68bf0813853cd3ed74d2fd0f54edfc7a43e1,,0.0,unknown,,,,6
0x75520128faa11447200d99b627efc254c479fc97,,0.0,unknown,,,,6
0x653b9d11f32b6f0b8bd2ae2724b2de5b031f8d8d,,0.0,unknown,,,,6
0xa7982aa03e83a33aebcec935c910d48da3c83e7f,,0.0,unknown,,,,6
0x7df25ed19086f00e0539c7c9a2a6234e0689905e,,0.0,unknown,,,,6
0xa79a356b01ef805b3089b4fe67447b96c7e6dd4c,,0.0,unknown,,,,6
0x015d55001f0fa8a9932c18167056d7665fac3864,,0.0,unknown,,,,5
0x933258bddd49beeca77f6d1889633c5429af45ea,,0.0,unknown,,,,5
0x05936f6a5ea9abfbfcc690f1a6140d97e80640f9,,0.0,unknown,,,,5
0x1f84ca2c0a406b32e083e4e41032fd148364df48,,0.0,unknown,,,,7
0x4fde54266707f3a0fa74bf8b215c79d1c3a157f4,,0.0,unknown,,,,5
0xc03957d3e08e7fc43b447cbbe5dec75c07404739,,0.0,unknown,,,,5
0x9ed629bc305c5731d43de27cbbe8f77976893c2b,,0.0,unknown,,,,6
0x2a1e6b2c51426111cafb32d1957de84190c0182d,,0.0,unknown,,,,5
0x757db7c1d65b1d3144e2afb3de8aa3d6ee87594c,,0.0,unknown,,,,7
0xe3fbd803865f2dad742786fbaac4a32d7ef9f3f5,,0.0,unknown,,,,7
0x0414d22cfa108e1142bc8b23e1430c5853db52ef,,0.0,unknown,,,,5
0x559b664afdc467c8b40e80dd5f1f80a7b9c2ed20,,0.0,unknown,,,,5
0x825f23921dcff36944d8b0b0ca23ac7d05fb86cb,,0.0,unknown,,,,5
0x53c91f33e4da805d04dce861c536fa1674e7334d,,0.0,unknown,,,,6
0x6fedfdb4249cd5dca3030fd09e0e1368f23cb4f8,,0.0,unknown,,,,5
0x5997baff274ea7ade9314be8044d1af9a274b121,,0.0,unknown,,,,7
0x52b31d55b2ff28706c909f3eac622b7bf42179fa,,0.0,unknown,,,,5
0xc83e7b746c7035d193db5ffc6095c97715266b57,,0.0,unknown,,,,5
0xccb6169a1a510201deff8227668cf12bacf3dcda,,0.0,unknown,,,,5
0x1eb866e3cf51e550d26ed2d9baf50510a99cac71,,0.0,unknown,,,,5
0x97d4b02ce33c399ffec618bfd2d5bf7108e556ac,,0.0,unknown,,,,5
0x4e6e4d8d05827f72f96042c9c86523f8915fb037,,0.0,unknown,,,,5
0x18740a8020dc029b7b8156a7af8bd951b65029b0,,0.0,unknown,,,,5
0xa971f820fcd1e0166d8bb64f254a8aed6f295643,,0.0,unknown,,,,5
0x1fafb618033fb07d3a99704a47451971976cb586,,0.0,unknown,,,,7
0x8c88b0306dd83df09c27ebee63c0bdf3f76789fe,,0.0,unknown,,,,5
0xff4d5b07f95dc9715411c1286ae0033188c4c346,,0.0,unknown,,,,5
0xe06d9135f2c0629508ced68c6e409c60551476ef,,0.0,unknown,,,,5
0x5e05a68e939e4e9dfa93eb400e9f85e59916ed8b,,0.0,unknown,,,,7
0xb8f53b15e4e0d75890c0e9be74706eef00aa6800,,0.0,unknown,,,,5
0x99e5d4a7fb7ba7281d1f4fc5dce311f1d832796c,,0.0,unknown,,,,5
0x36c1ed3ad44f0a1d6b05318c40d3555423707e79,,0.0,unknown,,,,5
0xd3dc3e6800f584a562565f8caf2ef4e47863eabc,,0.0,unknown,,,,5
0xe2c8f362154aace6144cb9d96f45b9568e0ea721,,0.0,unknown,,,,5
0x11d85ca027f31b6ced197c4c3b9dffc6396b9fc1,,0.0,unknown,,,,5
0x7a79969a0b9d51d922c4810d2950560360f6f234,,0.0,unknown,,,,5
0x4e0e46a5097364dae78cd04feddeee18758e018c,,0.0,unknown,,,,6
0xd9ba35345016228b21eb71abcc31a54724b88497,,0.0,unknown,,,,5
0xa58627a29bb59743ce1d781b1072c59bb1dda86d,,0.0,unknown,,,,8
0x4061d0f768c7ffdc8dbfd72a520861ddfdf3c106,,0.0,unknown,,,,5
0x15ae76920e6c3570e13e443677a0503e6e95bf79,,0.0,unknown,,ledgerx.tungnguyen.eth,,7
0xf4dfcd61c36fc3ac374e52206c43253e14c2ffe2,,0.0,unknown,,,,7
0x447054273c24b10e77f6863f8130576365c0fd10,,0.0,unknown,,,,5
0xfa932bba93116870e4b82b6890cb754077759c49,,0.0,unknown,,,,5
0x1268ac2b32b7ec9261e37b3957d04b56d8a9e298,,0.0,unknown,,,,5
0x584a1a336e5ce85f3086de63122a372a96ed75c9,,0.0,unknown,,,,5
0x34a0c4d43ced6dc7149b716f00ba8c70672a1a0d,,0.0,unknown,,,,5
0x8230cf5bc3de7f18889fabdb8e649b3c45ff3650,,0.0,unknown,,,,5
0x6bf9dd0b9f1575a98ed987dccbaa51bf8aef0aef,,0.0,unknown,,,,5
0x912e8664959f69e698c296810e50298a4faaa6c4,,0.0,unknown,,,,7
0x5eea56d346aa5bc5aea1786169e1f4b8699e882d,,0.0,unknown,,,,5
0xcb7220cf8971c151c600b3d47cb89cb9688ce18b,,0.0,unknown,,,,5
0x3c7902c1c927ceadb56a8d3fb568d77f1e12edb8,,0.0,unknown,,,,5
0x36aab712e7e6820608d5c974d6f9a615ecfd46db,,0.0,unknown,,,,5
0x7701b66513a52949224049e5bd634e3fffd8930a,,0.0,unknown,,,,5
0x4d7a14b5ac6b083b405eec4c0d169d23ca1be1b1,,0.0,unknown,,,,5
0xb6799f729ff7bf37043fd68a364e56adcee78644,,0.0,unknown,,,,5
0x6508c3a750bf3f7420d98a58159d78aa88320b40,,0.0,unknown,,,,5
0x6d9df6e1bb33e7521e2fdc8d636befde0b87e7ff,,0.0,unknown,,,,5
0x8b7bafbb5a511fc32e84819670f61b7d5a1330d8,,0.0,unknown,,,,5
0x121df6cf9d35c240aa191dc045e24b4f4ef4fa5b,,0.0,unknown,,,,6
0xedcaf6521d2ce89a4be9bf664e877764d719e9d2,,0.0,unknown,,,,5
0xa2507c9284654df0ccc419becd458637b3eefc80,,0.0,unknown,,,,5
0xb117e36dd70eef59469b74cded0b2fd11404d46d,,0.0,unknown,,,,5
0xb82bc321850ccd550394f413800ef4e0bef4901f,,0.0,unknown,,,,5
0x8c35b0b65fc680dac8719b79d01b4c46590d4d8b,,0.0,unknown,,,,5
0x39c66b35a98e82968944d2e43b39050e56c6448e,,0.0,unknown,,,,5
0x0942e68b2e0388f841a6510e3b78a79b60128d90,,0.0,unknown,,,,5
0xdf83d6a1f2ee7c91daa5e26b3b85977dcfe95203,,0.0,unknown,,,,5
0xb774e533db1b7edfa7b180f5fc43fbbc3b71772c,,0.0,unknown,,,,6
0x8ea6f18a67023141ac0f9200e91aa65bb27e8086,,0.0,unknown,,,,6
0xdcb7e8f1b586c94dde9b430557e4df6727779aca,,0.0,unknown,,,,9
0x24b99736055aec68ba9b93e3ed7975e5ec2b0cd4,,0.0,unknown,,,,7
0x86c80d06f3c1638c2c87a1041005786c0129bfc2,,0.0,unknown,,,,6
0xa96d5fef3029a46a31bf4865cfde08684a8b9bb3,,0.0,unknown,,,,6
0xa052d039738d667f1e12180c388816308e9d022d,,0.0,unknown,,,,5
0x3efd6dae4295902987075467e62666bc9ff50ac5,,0.0,unknown,,,,8
0x7780e86699e941254c8f4d9b7eb08ff7e96bbe10,,0.0,unknown,,,,8
0xde4f1b8b87b1a3599c82ef43015df4e9801339cb,,0.0,unknown,,,,6
0xed41a12ea862f31df054e9bd3af1dd59486c6029,,0.0,unknown,,,,6
0x52434934895014cbeed22b8177fb359723c6c0a4,,0.0,unknown,,,,6
0x0755e9db73782669b24a948c567be291e3724382,,0.0,unknown,,,,6
0x526e960225ede1d6e5ca9d140cd7d074e6322783,,0.0,unknown,,,,6
0x2ed8165b98d35077360d155a26fb8516cdc735ce,,0.0,unknown,,,,6
0x0ae6ca42d023280da7f11499e6576c33adf1c15f,,0.0,unknown,,,,6
0xe98e77f5f491ca14a87efb6ee90515abf66ea087,,0.0,unknown,,,,6
0x2a47a9ad17bd1bbc31a4ee8a44d0a183a3e46693,,0.0,unknown,,,,6
0x4587ca4ee45c9501dc1d32cc596e5c0d9004c007,,0.0,unknown,,,,6
0x930d81f7312199fa61df53a7b95479ff60b8c8c9,,0.0,unknown,,,,6
0x22a867f24093d9249653e07d89805016c8d6a2a0,,0.0,unknown,,,,6
0x0cd7efcd2c6c68c1f7564893da024032b7ab1477,,0.0,unknown,,,,6
0x4f12b217aa59e6d3e1f91ca2dc96f9543576618b,,0.0,unknown,,,,6
0x1846837591fcdeff4ec8e01ef8bb76645672b153,,0.0,unknown,,,,7
0xa42e82c8cb31068b240772ec69685ffc59b7fd11,,0.0,unknown,,,,6
0xa87a233e8a7d8951ff790a2e39738086cb5f71b7,,0.0,unknown,,,,6
0x63503af6c43d949d9fa6c1b13f38a149e040a39e,,0.0,unknown,,,,6
